year,month_num,date,time,time_zone,state,st_fips,ef_scale,length_miles,width_yards,county_fips,fips
2019,3,3/3/2019,1255,6,AL,1,1,0.16,300,129,1129
2019,3,3/3/2019,1337,6,AL,1,1,2.57,100,129,1129
2019,2,2/23/2019,1843,6,AL,1,0,1.01,140,127,1127
2019,3,3/14/2019,1625,6,AL,1,0,1.24,50,125,1125
2019,4,4/14/2019,120,6,AL,1,1,3.51,475,125,1125
2019,4,4/14/2019,305,6,AL,1,0,6.48,600,117,1117
2019,4,4/14/2019,314,6,AL,1,0,2.97,125,117,1117
2019,12,12/16/2019,2207,6,AL,1,0,2.29,200,117,1117
2019,3,3/14/2019,1625,6,AL,1,0,3.75,1175,115,1115
2019,3,3/14/2019,1654,6,AL,1,0,4.71,530,115,1115
2019,4,4/14/2019,814,6,AL,1,0,0.57,50,113,1113
2019,3,3/14/2019,2100,6,AL,1,0,4.38,75,111,1111
2019,4,4/14/2019,550,6,AL,1,0,1,150,109,1109
2019,4,4/14/2019,557,6,AL,1,0,1.09,50,109,1109
2019,11,11/27/2019,905,6,AL,1,0,0.48,65,109,1109
2019,4,4/14/2019,610,6,AL,1,1,2.81,300,109,1109
2019,2,2/23/2019,1744,6,AL,1,0,1.08,200,107,1107
2019,3,3/14/2019,1719,6,AL,1,0,4.48,100,105,1105
2019,3,3/14/2019,1827,6,AL,1,0,2.7,300,105,1105
2019,4,4/14/2019,221,6,AL,1,0,6.67,400,105,1105
2019,12,12/16/2019,2105,6,AL,1,0,3.83,300,105,1105
2019,3,3/14/2019,1737,6,AL,1,1,9.13,300,105,1105
2019,6,6/7/2019,1157,6,AL,1,0,0.52,25,97,1097
2019,10,10/25/2019,1519,6,AL,1,0,0.09,25,97,1097
2019,11,11/7/2019,1335,6,AL,1,0,0.38,25,97,1097
2019,10,10/25/2019,1512,6,AL,1,1,1.34,75,97,1097
2019,10,10/25/2019,1537,6,AL,1,1,3.31,100,97,1097
2019,4,4/8/2019,610,6,AL,1,1,6.1,219,95,1095
2019,5,5/9/2019,1230,6,AL,1,1,0.48,25,95,1095
2019,4,4/13/2019,2257,6,AL,1,1,1.21,440,93,1093
2019,3,3/14/2019,1739,6,AL,1,0,5.06,150,91,1091
2019,12,12/16/2019,2007,6,AL,1,2,5.95,350,91,1091
2019,5,5/9/2019,1146,6,AL,1,0,0.06,75,89,1089
2019,12,12/16/2019,1805,6,AL,1,0,3.16,37,89,1089
2019,12,12/16/2019,1754,6,AL,1,1,1.25,25,89,1089
2019,3,3/3/2019,1400,6,AL,1,1,2.75,758,87,1087
2019,3,3/3/2019,1427,6,AL,1,2,19.16,1300,87,1087
2019,12,12/29/2019,1850,6,AL,1,0,5.07,50,83,1083
2019,12,12/16/2019,1730,6,AL,1,1,9.47,50,83,1083
2019,3,3/3/2019,1446,6,AL,1,1,9.91,1300,81,1081
2019,3,3/3/2019,1403,6,AL,1,4,23.55,1600,81,1081
2019,12,12/16/2019,1708,6,AL,1,2,18.58,370,79,1079
2019,12,12/16/2019,1720,6,AL,1,1,2.9,500,77,1077
2019,2,2/23/2019,1752,6,AL,1,1,7.77,700,75,1075
2019,5,5/12/2019,933,6,AL,1,0,0.92,100,69,1069
2019,12,12/17/2019,652,6,AL,1,0,0.14,25,69,1069
2019,1,1/4/2019,438,6,AL,1,0,0.15,35,67,1067
2019,3,3/3/2019,1639,6,AL,1,0,3.37,75,67,1067
2019,4,4/14/2019,26,6,AL,1,0,8.72,220,65,1065
2019,12,12/16/2019,2103,6,AL,1,0,1.52,220,65,1065
2019,3,3/3/2019,1651,6,AL,1,1,5.12,300,61,1061
2019,4,4/13/2019,2314,6,AL,1,1,6.31,80,59,1059
2019,2,2/23/2019,1838,6,AL,1,0,4.03,350,57,1057
2019,2,2/23/2019,1808,6,AL,1,1,1.44,200,57,1057
2019,3,3/14/2019,1623,6,AL,1,0,2.69,1175,55,1055
2019,4,4/14/2019,528,6,AL,1,1,3.76,95,55,1055
2019,1,1/19/2019,1452,6,AL,1,2,18.11,700,51,1051
2019,3,3/14/2019,2032,6,AL,1,2,8.58,650,51,1051
2019,5,5/9/2019,1255,6,AL,1,1,0.57,25,49,1049
2019,3,3/14/2019,1832,6,AL,1,0,0.24,88,47,1047
2019,6,6/6/2019,1507,6,AL,1,0,0.75,60,47,1047
2019,1,1/19/2019,1347,6,AL,1,1,5.26,75,47,1047
2019,3,3/14/2019,1510,6,AL,1,1,11.07,112,43,1043
2019,4,4/14/2019,553,6,AL,1,0,1.49,70,41,1041
2019,3,3/3/2019,1438,6,AL,1,1,2.65,50,41,1041
2019,3,3/14/2019,1852,6,AL,1,0,5.79,350,37,1037
2019,3,3/14/2019,1921,6,AL,1,0,0.62,40,37,1037
2019,1,1/19/2019,1458,6,AL,1,1,1.7,112,37,1037
2019,2,2/24/2019,154,6,AL,1,1,5.01,550,37,1037
2019,4,4/14/2019,35,6,AL,1,1,1.1,70,33,1033
2019,12,12/16/2019,1650,6,AL,1,1,0.68,75,33,1033
2019,12,12/16/2019,1652,6,AL,1,2,8.18,250,33,1033
2019,10,10/25/2019,1839,6,AL,1,1,0.91,100,25,1025
2019,12,12/16/2019,1915,6,AL,1,1,9.91,300,23,1023
2019,3,3/14/2019,1756,6,AL,1,0,0.31,185,21,1021
2019,3,3/14/2019,1839,6,AL,1,0,6.12,350,21,1021
2019,3,3/14/2019,1722,6,AL,1,0,1.18,200,15,1015
2019,3,3/3/2019,1434,6,AL,1,1,0.27,50,13,1013
2019,3,3/3/2019,1515,6,AL,1,0,0.42,50,11,1011
2019,3,3/14/2019,1604,6,AL,1,0,2.58,115,9,1009
2019,4,4/8/2019,415,6,AL,1,0,2.18,325,9,1009
2019,3,3/14/2019,1605,6,AL,1,1,10.76,1175,9,1009
2019,4,4/8/2019,444,6,AL,1,1,6.3,1175,9,1009
2019,12,12/16/2019,2149,6,AL,1,0,3.12,200,7,1007
2019,12,12/16/2019,2200,6,AL,1,1,2.6,300,7,1007
2019,11,11/27/2019,919,6,AL,1,0,1.15,40,5,1005
2019,11,11/27/2019,926,6,AL,1,0,2.13,55,5,1005
2019,3,3/3/2019,1545,6,AL,1,2,6.68,700,5,1005
2019,3,3/3/2019,1558,6,AL,1,2,4.2,600,5,1005
2019,1,1/19/2019,1354,6,AL,1,0,0.87,75,1,1001
2019,3,3/3/2019,1319,6,AL,1,0,0.62,70,1,1001
2019,1,1/19/2019,1404,6,AL,1,1,9.08,400,1,1001
2019,3,3/14/2019,1944,6,AL,1,1,7.09,250,1,1001
2019,9,9/16/2019,1355,7,AZ,4,0,0.1,10,21,4021
2019,9,9/23/2019,1823,7,AZ,4,0,0.53,50,21,4021
2019,8,8/10/2019,1300,7,AZ,4,0,0.17,10,19,4019
2019,7,7/30/2019,1630,7,AZ,4,0,0.95,50,13,4013
2019,9,9/23/2019,1206,7,AZ,4,0,1.03,100,13,4013
2019,9,9/25/2019,1823,7,AZ,4,0,0.67,50,13,4013
2019,11,11/29/2019,349,7,AZ,4,0,10.09,100,13,4013
2019,11,11/29/2019,354,7,AZ,4,0,8.85,200,13,4013
2019,11,11/29/2019,441,7,AZ,4,0,4.5,100,13,4013
2019,11,11/29/2019,451,7,AZ,4,0,3.56,100,13,4013
2019,5,5/20/2019,950,7,AZ,4,0,1,10,5,4005
2019,9,9/23/2019,2123,7,AZ,4,1,1.71,580,3,4003
2019,5,5/26/2019,130,6,AR,5,0,1.5,100,143,5143
2019,5,5/18/2019,1301,6,AR,5,1,1,100,143,5143
2019,5,5/18/2019,1256,6,AR,5,1,5,450,131,5131
2019,5,5/18/2019,1259,6,AR,5,1,3.5,600,131,5131
2019,5,5/18/2019,1304,6,AR,5,1,0.9,400,131,5131
2019,5,5/18/2019,1310,6,AR,5,1,2.7,1000,131,5131
2019,7,7/18/2019,2242,6,WI,5,0,0.48,25,123,5123
2019,5,5/29/2019,1616,6,AR,5,0,0.62,75,121,5121
2019,5,5/2/2019,1214,6,AR,5,0,5.06,500,119,5119
2019,5,5/2/2019,1226,6,AR,5,0,0.3,80,119,5119
2019,5,5/2/2019,1228,6,AR,5,0,2.75,80,119,5119
2019,5,5/2/2019,1233,6,AR,5,0,1.02,50,119,5119
2019,3,3/9/2019,1024,6,AR,5,1,2.43,150,119,5119
2019,5,5/2/2019,1137,6,AR,5,1,1.5,200,119,5119
2019,5,5/2/2019,1320,6,AR,5,0,4.49,100,117,5117
2019,5,5/18/2019,1655,6,AR,5,0,0.25,50,117,5117
2019,3,3/9/2019,1102,6,AR,5,1,2.42,300,117,5117
2019,3,3/9/2019,1103,6,AR,5,1,1.23,100,117,5117
2019,10,10/21/2019,450,6,AR,5,1,1.11,125,111,5111
2019,5,5/2/2019,1702,6,AR,5,0,0.19,50,93,5093
2019,10,10/21/2019,522,6,AR,5,0,2.86,200,93,5093
2019,3,3/9/2019,1026,6,AR,5,1,3.92,150,85,5085
2019,3,3/9/2019,1048,6,AR,5,1,8.38,300,85,5085
2019,3,3/9/2019,1057,6,AR,5,1,3.92,100,85,5085
2019,6,6/23/2019,136,6,AR,5,0,0.06,25,83,5083
2019,6,6/23/2019,449,6,AR,5,0,0.07,25,83,5083
2019,10,10/21/2019,321,6,AR,5,1,0.29,300,73,5073
2019,5,5/8/2019,1718,6,AR,5,1,0.26,100,69,5069
2019,5,5/2/2019,1340,6,AR,5,0,0.16,50,67,5067
2019,5,5/2/2019,1529,6,AR,5,0,0.21,50,55,5055
2019,5,5/18/2019,1313,6,AR,5,1,4.6,1000,47,5047
2019,5,5/2/2019,1227,6,AR,5,0,0.65,80,45,5045
2019,5,5/2/2019,1235,6,AR,5,0,0.66,50,45,5045
2019,5,5/18/2019,1306,6,AR,5,0,2,400,33,5033
2019,5,5/18/2019,1325,6,AR,5,1,1.6,300,33,5033
2019,10,10/21/2019,322,6,AR,5,1,5.05,300,27,5027
2019,8,8/9/2019,1222,6,AR,5,0,0.19,50,21,5021
2019,4,4/30/2019,1405,6,AR,5,1,6.61,400,9,5009
2019,10,10/20/2019,2306,6,AR,5,1,3.3,900,7,5007
2019,10,10/20/2019,2308,6,AR,5,2,31.4,2640,7,5007
2019,4,4/25/2019,149,6,AR,5,1,11.32,1200,3,5003
2019,9,9/28/2019,1637,8,CA,6,0,1.7,1,113,6113
2019,12,12/25/2019,2100,8,CA,6,0,0.84,7,111,6111
2019,2,2/2/2019,1750,8,CA,6,0,0.3,20,101,6101
2019,1,1/6/2019,1159,8,CA,6,0,0.07,6.67,87,6087
2019,1,1/6/2019,1219,8,CA,6,0,0.54,6.67,87,6087
2019,4,4/16/2019,1505,8,CA,6,0,0.45,50,71,6071
2019,2,2/2/2019,1555,8,CA,6,0,0.19,25,43,6043
2019,2,2/15/2019,945,8,CA,6,0,0.56,25,39,6039
2019,4,4/16/2019,1500,8,CA,6,0,1.14,50,29,6029
2019,6,6/2/2019,1619,8,CA,6,0,0.2,50,29,6029
2019,3,3/2/2019,1215,8,CA,6,0,0.17,10,19,6019
2019,5,5/19/2019,1441,8,CA,6,0,0.35,100,19,6019
2019,1,1/17/2019,1520,8,CA,6,1,0.25,20,19,6019
2019,2,2/2/2019,1538,8,CA,6,0,0.1,20,11,6011
2019,8,8/11/2019,1559,7,CO,8,1,1.58,100,125,8125
2019,3,3/22/2019,1714,7,CO,8,0,0.01,75,123,8123
2019,5,5/26/2019,1538,7,CO,8,0,0.01,25,123,8123
2019,5,5/26/2019,1553,7,CO,8,0,0.01,25,123,8123
2019,5,5/26/2019,1627,7,CO,8,0,0.01,25,123,8123
2019,5,5/27/2019,1604,7,CO,8,0,0.01,25,123,8123
2019,6,6/17/2019,1603,7,CO,8,0,0.01,25,123,8123
2019,8,8/22/2019,1434,7,CO,8,0,0.02,50,123,8123
2019,8,8/11/2019,1404,7,CO,8,0,0.01,25,121,8121
2019,8,8/11/2019,1426,7,CO,8,0,0.01,25,121,8121
2019,8,8/11/2019,1459,7,CO,8,0,0.01,25,121,8121
2019,8,8/11/2019,1503,7,CO,8,0,0.01,25,121,8121
2019,8,8/11/2019,1509,7,CO,8,0,0.01,25,121,8121
2019,8,8/11/2019,1510,7,CO,8,1,0.11,200,121,8121
2019,5,5/27/2019,1544,7,CO,8,0,0.02,50,115,8115
2019,5,5/27/2019,1651,7,CO,8,0,0.01,25,95,8095
2019,5,5/27/2019,1731,7,CO,8,0,0.01,25,95,8095
2019,7,7/4/2019,2141,7,CO,8,0,0.01,25,95,8095
2019,5,5/27/2019,1402,7,CO,8,0,0.01,25,87,8087
2019,5,5/27/2019,1422,7,CO,8,0,0.01,25,75,8075
2019,5,5/27/2019,1535,7,CO,8,0,0.01,25,75,8075
2019,6,6/3/2019,1709,7,CO,8,0,0.01,25,75,8075
2019,9,9/11/2019,1758,7,CO,8,2,0.5,440,75,8075
2019,9,9/11/2019,1800,7,CO,8,2,0.1,75,75,8075
2019,5,5/26/2019,1658,7,CO,8,0,0.02,50,73,8073
2019,3,3/29/2019,1515,7,CO,8,0,1.17,25,41,8041
2019,6,6/8/2019,1719,7,CO,8,0,0.01,25,39,8039
2019,9,9/6/2019,1435,7,CO,8,0,0.01,25,35,8035
2019,9,9/8/2019,1641,7,CO,8,0,0.01,25,31,8031
2019,7,7/22/2019,1530,7,CO,8,0,0.5,20,27,8027
2019,5,5/26/2019,1637,7,CO,8,0,0.01,25,1,8001
2019,5,5/27/2019,1553,7,CO,8,0,0.01,25,1,8001
2019,9,9/8/2019,1653,7,CO,8,0,0.01,25,1,8001
2019,9,9/4/2019,1640,5,CT,9,1,3.2,50,13,9013
2019,4,4/15/2019,300,5,DE,10,1,6.2,50,5,10005
2019,4,4/15/2019,238,5,DE,10,2,6.2,400,5,10005
2019,3,3/3/2019,1733,6,FL,12,1,2.94,300,133,12133
2019,3,3/3/2019,1628,6,FL,12,0,11.93,400,131,12131
2019,3,3/3/2019,2006,5,FL,12,0,18.37,300,129,12129
2019,3,3/3/2019,2042,5,FL,12,0,0.66,50,129,12129
2019,4,4/19/2019,735,5,FL,12,0,6.97,150,129,12129
2019,1,1/24/2019,620,5,FL,12,0,0.49,175,117,12117
2019,12,12/14/2019,505,5,FL,12,0,0.25,325,109,12109
2019,10,10/18/2019,2159,5,FL,12,2,11.45,525,105,12105
2019,5,5/5/2019,1140,5,FL,12,0,0.39,50,103,12103
2019,10,10/18/2019,2029,5,FL,12,0,0.34,30,103,12103
2019,1,1/24/2019,918,5,FL,12,0,0.22,25,99,12099
2019,5,5/3/2019,1550,5,FL,12,0,0.03,20,99,12099
2019,7,7/25/2019,1449,5,FL,12,0,0.1,5,99,12099
2019,8,8/4/2019,1820,5,FL,12,0,0.09,20,87,12087
2019,1,1/27/2019,1952,5,FL,12,0,0.44,100,86,12086
2019,11,11/5/2019,1620,5,FL,12,0,0.26,10,85,12085
2019,5,5/5/2019,1027,5,FL,12,1,0.93,100,83,12083
2019,4,4/19/2019,726,5,FL,12,0,8.02,150,77,12077
2019,4,4/19/2019,742,5,FL,12,0,3.13,150,73,12073
2019,3,3/3/2019,2018,5,FL,12,3,5.07,700,73,12073
2019,5,5/20/2019,1748,5,FL,12,0,0.06,30,71,12071
2019,10,10/19/2019,545,5,FL,12,1,1.08,100,71,12071
2019,3,3/3/2019,2024,5,FL,12,2,3.76,700,65,12065
2019,3,3/3/2019,1737,6,FL,12,1,2.35,300,63,12063
2019,3,3/3/2019,1941,5,FL,12,1,2.07,275,39,12039
2019,12,12/14/2019,514,5,FL,12,1,19.4,880,35,12035
2019,10,10/19/2019,1350,5,FL,12,0,0.05,10,9,12009
2019,1,1/19/2019,1822,6,FL,12,1,0.8,50,5,12005
2019,12,12/14/2019,353,5,FL,12,0,0.2,45,1,12001
2019,3,3/3/2019,1618,5,GA,13,1,3.08,630,319,13319
2019,3,3/3/2019,1730,5,GA,13,0,0.95,860,307,13307
2019,3,3/3/2019,1722,5,GA,13,0,0.27,50,305,13305
2019,3,3/3/2019,1624,5,GA,13,1,0.55,200,303,13303
2019,3,3/3/2019,1636,5,GA,13,1,1.41,290,303,13303
2019,3,3/3/2019,1655,5,GA,13,1,0.18,85,303,13303
2019,3,3/3/2019,1542,5,GA,13,1,1.15,300,289,13289
2019,3,3/3/2019,1945,5,GA,13,1,0.72,180,277,13277
2019,3,3/3/2019,1605,5,GA,13,0,3.99,150,271,13271
2019,3,3/3/2019,1609,5,GA,13,0,0.38,100,271,13271
2019,3,3/3/2019,1618,5,GA,13,0,6.58,630,269,13269
2019,4,4/14/2019,952,5,GA,13,0,3.02,100,263,13263
2019,3,3/3/2019,1553,5,GA,13,3,20.03,750,263,13263
2019,3,3/3/2019,1710,5,GA,13,2,18.73,860,259,13259
2019,4,4/14/2019,1052,5,GA,13,0,1.01,150,255,13255
2019,3,3/3/2019,1703,5,GA,13,1,6.98,860,239,13239
2019,3,3/3/2019,1647,5,GA,13,0,2.98,300,225,13225
2019,3,3/3/2019,1519,5,GA,13,1,2.73,420,225,13225
2019,4,4/14/2019,916,5,GA,13,0,2.67,50,215,13215
2019,4,4/14/2019,946,5,GA,13,0,0.33,100,215,13215
2019,3,3/3/2019,1529,5,GA,13,3,8.88,750,215,13215
2019,3,3/3/2019,1902,5,GA,13,1,4.14,150,201,13201
2019,12,12/17/2019,927,5,GA,13,1,6.56,200,201,13201
2019,2,2/12/2019,1429,5,GA,13,0,0.81,200,193,13193
2019,3,3/3/2019,1643,5,GA,13,0,3.4,300,193,13193
2019,3,3/3/2019,1858,5,GA,13,1,7.84,350,179,13179
2019,4,4/19/2019,1025,5,GA,13,1,4.45,200,175,13175
2019,4,4/14/2019,1039,5,GA,13,0,1.13,75,171,13171
2019,4,4/14/2019,1045,5,GA,13,1,3.32,150,171,13171
2019,3,3/3/2019,1630,5,GA,13,0,0.01,25,161,13161
2019,12,12/17/2019,1139,5,GA,13,2,10.97,400,155,13155
2019,2,2/12/2019,1412,5,GA,13,0,0.89,100,151,13151
2019,4,4/14/2019,1953,5,GA,13,0,2.88,100,147,13147
2019,4,4/14/2019,947,5,GA,13,0,5.1,100,145,13145
2019,3,3/3/2019,1619,5,GA,13,1,7.41,900,145,13145
2019,3,3/3/2019,1540,5,GA,13,2,12.83,750,145,13145
2019,4,4/19/2019,450,5,GA,13,1,2.36,300,139,13139
2019,3,3/3/2019,1954,5,GA,13,2,2.68,800,131,13131
2019,4,4/19/2019,407,5,GA,13,0,0.57,150,121,13121
2019,3,3/14/2019,1906,5,GA,13,0,1.68,150,115,13115
2019,2,2/12/2019,1329,5,GA,13,0,0.56,150,113,13113
2019,12,12/17/2019,730,5,GA,13,0,0.4,50,99,13099
2019,3,3/3/2019,1918,5,GA,13,1,4.53,150,87,13087
2019,10,10/19/2019,1758,5,GA,13,0,1.96,100,81,13081
2019,3,3/3/2019,1515,5,GA,13,2,3.93,420,79,13079
2019,2,2/24/2019,433,5,GA,13,1,2.05,150,77,13077
2019,3,3/3/2019,1744,5,GA,13,2,1.52,100,73,13073
2019,4,4/14/2019,1343,5,GA,13,1,5.04,180,71,13071
2019,2,2/12/2019,1333,5,GA,13,0,2.98,100,63,13063
2019,3,3/3/2019,1745,5,GA,13,0,7.45,75,61,13061
2019,1,1/4/2019,610,5,GA,13,1,0.23,90,61,13061
2019,5,5/4/2019,1553,5,GA,13,1,2.2,170,51,13051
2019,4,4/19/2019,1105,5,GA,13,0,0.43,10,39,13039
2019,3,3/3/2019,1536,5,GA,13,0,1.07,150,21,13021
2019,12,12/17/2019,1154,5,GA,13,2,9.34,400,17,13017
2019,12,12/17/2019,1000,5,GA,13,0,0.2,75,7,13007
2019,5,5/7/2019,1500,7,ID,16,0,1.51,10,83,16083
2019,5,5/27/2019,1440,7,ID,16,0,0.52,10,39,16039
2019,8,8/2/2019,1255,7,ID,16,0,1,10,31,16031
2019,5,5/26/2019,1257,7,ID,16,0,1.8,100,11,16011
2019,6,6/2/2019,1448,7,ID,16,0,1,45,11,16011
2019,5,5/27/2019,1538,6,IL,17,0,0.13,10,203,17203
2019,5,5/27/2019,1304,6,IL,17,0,3.23,300,197,17197
2019,5,5/28/2019,1506,6,IL,17,0,0.16,10,183,17183
2019,5,5/23/2019,106,6,IL,17,1,1.56,200,183,17183
2019,5,5/25/2019,2214,6,IL,17,1,1.15,200,179,17179
2019,5,5/25/2019,2219,6,IL,17,1,0.72,150,179,17179
2019,6,6/15/2019,2119,6,IL,17,1,2.43,200,179,17179
2019,8,8/12/2019,2043,6,IL,17,0,0.41,50,173,17173
2019,5,5/22/2019,2056,6,IL,17,0,1.75,50,169,17169
2019,5,5/22/2019,2315,6,IL,17,1,6.53,150,167,17167
2019,6,6/12/2019,1714,6,IL,17,0,0.53,10,163,17163
2019,4,4/24/2019,1459,6,IL,17,0,0.23,30,153,17153
2019,6,6/23/2019,1610,6,IL,17,1,2.8,120,151,17151
2019,5,5/23/2019,10,6,IL,17,1,1.34,200,147,17147
2019,6,6/19/2019,1822,6,IL,17,0,0.11,10,139,17139
2019,4,4/30/2019,1452,6,IL,17,0,1.17,25,135,17135
2019,5,5/21/2019,1801,6,IL,17,0,0.34,50,133,17133
2019,6,6/15/2019,1938,6,IL,17,1,0.68,40,131,17131
2019,5,5/22/2019,2320,6,IL,17,1,0.95,150,129,17129
2019,6,6/19/2019,1822,6,IL,17,0,0.08,25,121,17121
2019,6,6/15/2019,1343,6,IL,17,0,1.82,30,117,17117
2019,5,5/29/2019,1550,6,IL,17,0,0.46,20,115,17115
2019,8,8/21/2019,1859,6,IL,17,0,0.13,10,115,17115
2019,6,6/15/2019,2236,6,IL,17,1,1.94,50,113,17113
2019,5,5/24/2019,1133,6,IL,17,1,7.75,50,109,17109
2019,5,5/24/2019,1141,6,IL,17,1,1.85,30,109,17109
2019,9,9/29/2019,1518,6,IL,17,0,2.73,50,107,17107
2019,5,5/22/2019,2321,6,IL,17,1,7.77,150,107,17107
2019,5,5/22/2019,2333,6,IL,17,1,2.7,100,107,17107
2019,5,5/27/2019,1527,6,IL,17,0,0.69,30,103,17103
2019,9,9/3/2019,1739,6,IL,17,1,3.1,200,97,17097
2019,5,5/27/2019,1415,6,IL,17,0,0.08,10,95,17095
2019,5,5/27/2019,1247,6,IL,17,0,0.97,30,93,17093
2019,5,5/24/2019,1210,6,IL,17,0,1.17,20,57,17057
2019,9,9/27/2019,1922,6,IL,17,0,1.88,100,57,17057
2019,9,9/1/2019,1331,6,IL,17,0,0.31,20,35,17035
2019,5,5/27/2019,1527,6,IL,17,0,0.84,50,31,17031
2019,5,5/23/2019,715,6,IL,17,0,0.73,20,25,17025
2019,5,5/29/2019,1528,6,IL,17,0,0.23,20,21,17021
2019,5,5/29/2019,1530,6,IL,17,0,0.23,20,21,17021
2019,5,5/29/2019,1535,6,IL,17,0,0.29,20,21,17021
2019,6,6/19/2019,1740,6,IL,17,0,0.1,10,21,17021
2019,8,8/12/2019,2040,6,IL,17,0,1.5,75,21,17021
2019,8,8/12/2019,2008,6,IL,17,1,6.25,200,21,17021
2019,5,5/26/2019,23,6,IL,17,1,0.9,250,19,17019
2019,5,5/26/2019,27,6,IL,17,1,0.85,250,19,17019
2019,5,5/26/2019,35,6,IL,17,1,1.01,250,19,17019
2019,5,5/27/2019,1959,5,IN,18,3,12.76,1200,179,18179
2019,6,6/15/2019,2051,5,IN,18,0,1.6,100,177,18177
2019,3,3/14/2019,1314,5,IN,18,0,3,35,175,18175
2019,5,5/27/2019,1926,5,IN,18,1,1.9,50,169,18169
2019,6,6/15/2019,2042,5,IN,18,1,2.11,35,161,18161
2019,8,8/12/2019,1144,5,IN,18,1,1.72,100,153,18153
2019,6,6/23/2019,1932,5,IN,18,0,0.48,10,141,18141
2019,6,6/23/2019,1938,5,IN,18,0,2.01,250,141,18141
2019,6,6/15/2019,1948,5,IN,18,2,14.48,200,139,18139
2019,6,6/15/2019,1729,5,IN,18,1,8.11,200,119,18119
2019,6,6/15/2019,1748,5,IN,18,2,3.68,400,105,18105
2019,5,5/27/2019,1834,5,IN,18,1,0.58,50,103,18103
2019,5,5/27/2019,1851,5,IN,18,3,4.22,800,103,18103
2019,6,6/15/2019,1837,5,IN,18,0,0.89,100,97,18097
2019,6,6/15/2019,1826,5,IN,18,1,1.86,200,97,18097
2019,5,5/27/2019,1905,5,IN,18,2,5.89,100,95,18095
2019,3,3/14/2019,1251,6,IN,18,0,1.46,75,89,18089
2019,5,5/27/2019,1530,6,IN,18,0,1.05,100,89,18089
2019,2,2/7/2019,1147,5,IN,18,0,2.96,300,83,18083
2019,4,4/25/2019,1819,5,IN,18,1,0.33,30,79,18079
2019,4,4/25/2019,1852,5,IN,18,1,0.05,30,79,18079
2019,3,3/14/2019,1306,5,IN,18,1,1.24,40,71,18071
2019,5,5/27/2019,1929,5,IN,18,1,0.17,50,65,18065
2019,5,5/27/2019,1939,5,IN,18,1,2.45,200,65,18065
2019,6,6/15/2019,1756,5,IN,18,2,3.52,400,55,18055
2019,5,5/23/2019,1615,5,IN,18,1,0.09,50,53,18053
2019,5,5/27/2019,1910,5,IN,18,2,4.09,150,53,18053
2019,2,2/7/2019,1112,6,IN,18,1,2.5,100,51,18051
2019,5,5/27/2019,1900,5,IN,18,3,9.5,800,49,18049
2019,6,6/15/2019,2002,5,IN,18,0,0.1,20,41,18041
2019,6,6/15/2019,1846,5,IN,18,0,0.64,50,13,18013
2019,9,9/12/2019,1549,6,IA,19,0,2.82,150,191,19191
2019,8,8/20/2019,455,6,IA,19,3,5.4,710,181,19181
2019,5,5/27/2019,1225,6,IA,19,3,7.27,100,177,19177
2019,5,5/29/2019,1801,6,IA,19,1,3.52,50,157,19157
2019,8,8/20/2019,521,6,IA,19,1,1.58,120,125,19125
2019,8,8/20/2019,421,6,IA,19,1,1.24,150,121,19121
2019,8,8/17/2019,2134,6,IA,19,1,6.95,75,119,19119
2019,5,5/27/2019,1236,6,IA,19,1,0.53,20,111,19111
2019,5,5/29/2019,1913,6,IA,19,0,0.3,20,103,19103
2019,5,5/24/2019,1736,6,IA,19,1,10.76,75,103,19103
2019,5,5/29/2019,1723,6,IA,19,0,0.07,20,95,19095
2019,5,5/29/2019,1846,6,IA,19,0,3.34,20,95,19095
2019,5,5/27/2019,1214,6,IA,19,0,0.67,25,89,19089
2019,5,5/27/2019,1249,6,IA,19,0,0.18,30,89,19089
2019,5,5/27/2019,1225,6,IA,19,1,12.62,95,89,19089
2019,5,5/29/2019,1837,6,IA,19,0,1.11,30,83,19083
2019,5,5/29/2019,1915,6,IA,19,0,1.23,30,83,19083
2019,5,5/29/2019,1929,6,IA,19,0,0.57,40,83,19083
2019,5,5/29/2019,1931,6,IA,19,0,1.33,50,83,19083
2019,6,6/15/2019,1321,6,IA,19,0,0.21,20,83,19083
2019,5,5/22/2019,35,6,IA,19,1,1.41,60,77,19077
2019,5,5/27/2019,1123,6,IA,19,1,9.83,105,67,19067
2019,8,8/5/2019,2107,6,IA,19,1,0.3,50,61,19061
2019,5,5/27/2019,1303,6,IA,19,0,0.14,20,57,19057
2019,6,6/15/2019,1920,6,IA,19,2,1.82,260,57,19057
2019,6,6/15/2019,1924,6,IA,19,2,1.3,300,57,19057
2019,8,8/18/2019,440,6,IA,19,0,0.1,20,45,19045
2019,9,9/12/2019,1634,6,IA,19,0,4.22,40,43,19043
2019,5,5/27/2019,1210,6,IA,19,0,3.4,25,37,19037
2019,5,5/24/2019,1827,6,IA,19,0,0.04,10,31,19031
2019,5,5/22/2019,4,6,IA,19,1,1.09,50,29,19029
2019,5,5/22/2019,29,6,IA,19,2,3.34,150,1,19001
2019,5,5/26/2019,2022,6,KS,20,0,0.12,50,201,20201
2019,8,8/15/2019,1934,6,KS,20,1,6.73,150,197,20197
2019,5,5/26/2019,1536,6,KS,20,0,0.96,100,193,20193
2019,5,5/5/2019,1939,6,KS,20,0,0.79,75,191,20191
2019,5,5/26/2019,2310,6,KS,20,0,0.22,50,185,20185
2019,5,5/21/2019,1710,6,KS,20,0,5.9,50,177,20177
2019,5,5/28/2019,1620,6,KS,20,2,2.22,880,167,20167
2019,7,7/5/2019,1824,6,KS,20,0,0.4,50,165,20165
2019,5,5/21/2019,1550,6,KS,20,0,0.23,50,163,20163
2019,5,5/5/2019,1800,6,KS,20,0,0.5,75,159,20159
2019,5,5/5/2019,1813,6,KS,20,0,0.35,200,155,20155
2019,5,5/5/2019,1834,6,KS,20,1,0.14,300,155,20155
2019,5,5/5/2019,1835,6,KS,20,1,0.4,100,155,20155
2019,5,5/26/2019,2300,6,KS,20,1,8.66,100,151,20151
2019,5,5/17/2019,2131,6,KS,20,2,3.32,490,145,20145
2019,5,5/28/2019,1623,6,KS,20,2,20.91,880,141,20141
2019,5,5/28/2019,1649,6,KS,20,0,1.18,50,139,20139
2019,9,9/27/2019,1856,6,KS,20,0,0.19,50,139,20139
2019,5,5/21/2019,1806,6,KS,20,0,3.05,50,131,20131
2019,5,5/24/2019,319,6,KS,20,1,5.94,50,131,20131
2019,5,5/21/2019,1820,6,KS,20,3,5.9,300,131,20131
2019,5,5/27/2019,13,6,KS,20,0,0.01,25,123,20123
2019,5,5/28/2019,1657,6,KS,20,2,1.28,880,123,20123
2019,4,4/29/2019,310,6,KS,20,0,2.06,15,121,20121
2019,5,5/17/2019,1936,6,KS,20,0,1.54,50,119,20119
2019,5,5/5/2019,1715,6,KS,20,1,1.08,100,119,20119
2019,5,5/24/2019,240,6,KS,20,1,9.6,50,117,20117
2019,5,5/28/2019,1732,6,KS,20,4,12.41,1760,103,20103
2019,7,7/5/2019,1603,6,KS,20,0,0.33,50,101,20101
2019,5,5/21/2019,1720,6,KS,20,0,6.66,50,85,20085
2019,5,5/21/2019,1738,6,KS,20,2,17.13,75,85,20085
2019,5,5/26/2019,2214,6,KS,20,0,1.71,25,83,20083
2019,5,5/26/2019,2228,6,KS,20,1,1.27,25,83,20083
2019,5,5/26/2019,2149,6,KS,20,1,0.74,25,69,20069
2019,6,6/3/2019,1813,6,KS,20,0,0.65,60,67,20067
2019,5,5/5/2019,1636,6,KS,20,0,0.57,75,57,20057
2019,5,5/26/2019,2151,6,KS,20,1,1.86,25,57,20057
2019,5,5/26/2019,2152,6,KS,20,1,1.83,25,57,20057
2019,5,5/26/2019,2207,6,KS,20,1,3.09,50,57,20057
2019,5,5/17/2019,2030,6,KS,20,2,10.4,875,57,20057
2019,5,5/17/2019,1952,6,KS,20,3,18.58,600,57,20057
2019,7,7/5/2019,1545,6,KS,20,0,0.3,50,55,20055
2019,7,7/5/2019,1548,6,KS,20,0,0.34,50,55,20055
2019,5,5/28/2019,1515,6,KS,20,0,0.14,25,51,20051
2019,9,9/21/2019,1712,6,KS,20,1,1.2,75,49,20049
2019,6,6/18/2019,1337,6,KS,20,0,1.42,75,47,20047
2019,5,5/17/2019,2048,6,KS,20,2,4.46,620,47,20047
2019,5,5/17/2019,2119,6,KS,20,2,7.6,565,47,20047
2019,5,5/28/2019,1654,6,KS,20,2,9.51,200,45,20045
2019,5,5/28/2019,1705,6,KS,20,3,16.66,1200,45,20045
2019,5,5/21/2019,1532,6,KS,20,1,7.48,100,41,20041
2019,5,5/20/2019,1516,6,KS,20,1,1.62,440,37,20037
2019,5,5/20/2019,1523,6,KS,20,1,6.14,1200,37,20037
2019,5,5/17/2019,1946,6,KS,20,0,0.42,25,25,20025
2019,5,5/17/2019,1943,6,KS,20,1,7.71,275,25,20025
2019,8,8/11/2019,1847,6,KS,20,1,1.23,175,23,20023
2019,5,5/20/2019,1514,6,KS,20,1,0.57,440,21,20021
2019,5,5/22/2019,1834,6,KS,20,1,2.82,1000,21,20021
2019,5,5/22/2019,1905,6,KS,20,1,0.45,400,21,20021
2019,5,5/7/2019,2219,6,KS,20,0,1.9,100,15,20015
2019,5,5/24/2019,1519,6,KS,20,1,1.35,75,15,20015
2019,5,5/5/2019,1725,6,KS,20,1,0.57,75,9,20009
2019,9,9/24/2019,1823,6,KS,20,0,0.8,50,7,20007
2019,5,5/21/2019,1808,6,KS,20,1,5.39,30,5,20005
2019,3,3/14/2019,1142,6,KY,21,0,0.35,100,233,21233
2019,3,3/14/2019,1215,6,KY,21,0,2.27,50,233,21233
2019,3,3/14/2019,910,6,KY,21,1,9.86,125,225,21225
2019,6,6/21/2019,1702,6,KY,21,1,0.61,150,221,21221
2019,6,6/21/2019,1722,6,KY,21,1,4.35,200,221,21221
2019,6,6/21/2019,1757,6,KY,21,0,2.81,60,219,21219
2019,6,6/21/2019,1835,6,KY,21,1,0.6,75,213,21213
2019,4,4/12/2019,545,5,KY,21,1,8.3,300,185,21185
2019,6,6/24/2019,1613,5,KY,21,0,5.1,75,161,21161
2019,6,6/21/2019,1642,6,KY,21,1,0.76,50,157,21157
2019,6,6/23/2019,1613,6,KY,21,1,0.23,50,157,21157
2019,6,6/23/2019,1535,6,KY,21,1,15.98,150,145,21145
2019,3,3/14/2019,823,6,KY,21,2,11.17,300,145,21145
2019,6,6/21/2019,1700,6,KY,21,1,1.47,150,143,21143
2019,6,6/23/2019,1602,6,KY,21,1,0.5,140,139,21139
2019,6,6/23/2019,1607,6,KY,21,1,0.79,125,139,21139
2019,3,3/14/2019,1014,6,KY,21,0,1.25,100,101,21101
2019,3,3/14/2019,1143,6,KY,21,0,0.88,100,101,21101
2019,2,2/7/2019,1157,6,KY,21,1,1.4,30,101,21101
2019,3,3/14/2019,1027,6,KY,21,0,0.68,75,83,21083
2019,6,6/21/2019,1731,6,KY,21,1,0.96,75,47,21047
2019,6,6/21/2019,1731,6,KY,21,1,7.59,175,47,21047
2019,3,3/14/2019,818,6,KY,21,1,2.22,125,39,21039
2019,6,6/23/2019,1520,6,KY,21,1,0.93,100,39,21039
2019,6,6/23/2019,1527,6,KY,21,1,0.15,150,39,21039
2019,5,5/1/2019,508,6,KY,21,1,0.58,85,7,21007
2019,6,6/23/2019,1533,6,KY,21,1,1.3,150,7,21007
2019,3,3/14/2019,820,6,KY,21,2,3.32,300,7,21007
2019,6,6/21/2019,1839,6,KY,21,1,4.6,125,3,21003
2019,6,6/21/2019,1904,6,KY,21,1,1.6,125,3,21003
2019,5,5/8/2019,1623,6,LA,22,1,2.04,250,127,22127
2019,3,3/9/2019,1124,6,LA,22,1,0.8,75,119,22119
2019,12,12/16/2019,1028,6,LA,22,1,13.47,250,119,22119
2019,1,1/19/2019,945,6,LA,22,1,1.2,75,117,22117
2019,12,12/16/2019,1118,6,LA,22,3,28.41,550,115,22115
2019,4,4/25/2019,110,6,LA,22,1,21.37,850,111,22111
2019,12,12/16/2019,1108,6,LA,22,0,0.52,200,107,22107
2019,4,4/13/2019,1504,6,LA,22,1,17.25,1230,107,22107
2019,4,4/13/2019,1513,6,LA,22,1,4.98,950,107,22107
2019,1,1/19/2019,922,6,LA,22,1,0.25,40,105,22105
2019,12,12/16/2019,1546,6,LA,22,1,1.35,50,105,22105
2019,6,6/6/2019,243,6,LA,22,1,1.26,186,97,22097
2019,6,6/6/2019,349,6,LA,22,1,0.97,93,97,22097
2019,6,6/6/2019,431,6,LA,22,1,1,419,97,22097
2019,6,6/6/2019,842,6,LA,22,1,0.52,75,93,22093
2019,5,5/19/2019,730,6,LA,22,0,0.18,30,91,22091
2019,4,4/24/2019,2251,6,LA,22,1,15.56,900,85,22085
2019,5,5/8/2019,1736,6,LA,22,1,8.89,200,83,22083
2019,5,5/8/2019,1752,6,LA,22,1,7.88,300,83,22083
2019,5,5/19/2019,146,6,LA,22,1,18.67,700,83,22083
2019,6,6/20/2019,214,6,LA,22,1,0.94,100,79,22079
2019,6,6/20/2019,230,6,LA,22,1,1.76,250,79,22079
2019,12,12/16/2019,1029,6,LA,22,2,3.56,147,79,22079
2019,12,12/16/2019,1208,6,LA,22,3,30.22,525,79,22079
2019,5,5/8/2019,1736,6,LA,22,1,4.27,75,73,22073
2019,7,7/10/2019,726,6,LA,22,1,0.2,50,71,22071
2019,5,5/19/2019,102,6,LA,22,0,1.19,80,69,22069
2019,5,5/8/2019,1615,6,LA,22,1,2.98,250,69,22069
2019,5,5/8/2019,1622,6,LA,22,1,0.81,250,69,22069
2019,6,6/24/2019,45,6,LA,22,0,1.24,75,67,22067
2019,4,4/25/2019,144,6,LA,22,2,4.67,2000,67,22067
2019,4,4/13/2019,1544,6,LA,22,0,2.81,50,65,22065
2019,4,4/13/2019,1809,6,LA,22,0,4.43,50,65,22065
2019,4,4/13/2019,1535,6,LA,22,1,0.97,840,65,22065
2019,6,6/6/2019,833,6,LA,22,1,1.61,75,63,22063
2019,6,6/6/2019,935,6,LA,22,1,0.62,50,63,22063
2019,5,5/8/2019,1650,6,LA,22,1,2.16,80,61,22061
2019,4,4/25/2019,47,6,LA,22,3,11.15,1000,61,22061
2019,4,4/25/2019,159,6,LA,22,0,8.77,700,59,22059
2019,6,6/6/2019,933,6,LA,22,1,0.27,100,57,22057
2019,6,6/19/2019,1045,6,LA,22,0,0.01,10,53,22053
2019,6,6/5/2019,2334,6,LA,22,1,1.57,100,53,22053
2019,6,6/6/2019,6,6,LA,22,1,0.45,311,53,22053
2019,6,6/6/2019,122,6,LA,22,1,0.75,100,53,22053
2019,4,4/7/2019,1919,6,LA,22,0,2.58,50,51,22051
2019,5,5/8/2019,1652,6,LA,22,0,1.43,80,49,22049
2019,5,5/8/2019,1635,6,LA,22,1,7.36,100,49,22049
2019,5,5/8/2019,1635,6,LA,22,1,0.42,70,49,22049
2019,5,5/8/2019,1642,6,LA,22,1,4.03,350,49,22049
2019,5,5/8/2019,1647,6,LA,22,1,1.84,80,49,22049
2019,11,11/26/2019,1803,6,LA,22,2,7.02,700,41,22041
2019,5,5/19/2019,442,6,LA,22,0,0.23,50,39,22039
2019,5,5/19/2019,447,6,LA,22,1,9.07,400,39,22039
2019,5,5/19/2019,450,6,LA,22,1,2.46,600,39,22039
2019,6,6/6/2019,130,6,LA,22,1,0.12,104,39,22039
2019,6,6/6/2019,655,6,LA,22,1,0.82,20,33,22033
2019,4,4/24/2019,2311,6,LA,22,1,10,900,31,22031
2019,5,5/2/2019,540,6,LA,22,1,0.98,240,31,22031
2019,5,5/2/2019,608,6,LA,22,1,0.22,330,31,22031
2019,5,5/8/2019,1433,6,LA,22,1,1.83,200,31,22031
2019,5,5/8/2019,1444,6,LA,22,1,12.59,500,31,22031
2019,5,5/8/2019,1453,6,LA,22,1,3.92,80,31,22031
2019,11,11/26/2019,1820,6,LA,22,1,0.62,115,27,22027
2019,12,12/16/2019,1047,6,LA,22,1,2.43,250,27,22027
2019,6,6/5/2019,2040,6,LA,22,0,0.22,50,23,22023
2019,9,9/19/2019,1002,6,LA,22,0,0.6,50,23,22023
2019,10,10/16/2019,142,6,LA,22,1,2.74,100,19,22019
2019,3,3/9/2019,1045,6,LA,22,1,8.46,100,17,22017
2019,4,4/24/2019,2251,6,LA,22,1,1.04,100,17,22017
2019,5,5/8/2019,1420,6,LA,22,1,2.51,200,17,22017
2019,5,5/8/2019,1501,6,LA,22,1,0.89,300,17,22017
2019,10,10/20/2019,1942,6,LA,22,1,3.59,350,17,22017
2019,3,3/9/2019,1113,6,LA,22,1,2.87,100,15,22015
2019,12,12/16/2019,1010,6,LA,22,1,10.34,250,15,22015
2019,6,6/19/2019,2147,6,LA,22,2,1.44,175,15,22015
2019,4,4/25/2019,12,6,LA,22,1,2.52,150,13,22013
2019,4,4/25/2019,25,6,LA,22,1,1.03,200,13,22013
2019,4,4/25/2019,356,6,LA,22,1,3.17,500,11,22011
2019,5,5/19/2019,214,6,LA,22,1,2.91,600,11,22011
2019,5,5/19/2019,219,6,LA,22,1,2.6,800,11,22011
2019,5,5/19/2019,226,6,LA,22,1,2.67,250,11,22011
2019,12,12/16/2019,1110,6,LA,22,3,3.98,550,11,22011
2019,6,6/6/2019,826,6,LA,22,0,1.72,50,7,22007
2019,10,10/21/2019,1200,6,LA,22,0,0.06,15,5,22005
2019,4,4/7/2019,1844,6,LA,22,1,0.79,50,5,22005
2019,6,6/6/2019,809,6,LA,22,1,1.73,50,5,22005
2019,6,6/6/2019,901,6,LA,22,2,1.6,50,5,22005
2019,5,5/19/2019,340,6,LA,22,1,2.26,50,3,22003
2019,5,5/19/2019,403,6,LA,22,1,1.3,900,3,22003
2019,6,6/6/2019,54,6,LA,22,0,0.37,115,1,22001
2019,6,6/6/2019,131,6,LA,22,1,0.2,202,1,22001
2019,8,8/12/2019,1643,5,ME,23,1,0.21,200,29,23029
2019,5,5/23/2019,1427,5,MD,24,1,5.53,150,27,24027
2019,5,5/30/2019,1420,5,MD,24,1,4.49,100,27,24027
2019,5,5/30/2019,1348,5,MD,24,0,6.5,75,21,24021
2019,4,4/15/2019,231,5,MD,24,0,0.5,100,19,24019
2019,6,6/13/2019,2202,5,MD,24,1,4.56,580,15,24015
2019,4,4/26/2019,1419,5,MD,24,1,2.94,150,5,24005
2019,7,7/23/2019,1057,5,MA,25,1,5.52,250,1,25001
2019,7,7/23/2019,1100,5,MA,25,1,0.25,50,1,25001
2019,7,7/23/2019,1110,5,MA,25,1,2.77,250,1,25001
2019,3,3/14/2019,1747,5,MI,26,0,6.4,100,155,26155
2019,8,8/29/2019,2023,5,MI,26,0,2.49,125,155,26155
2019,3,3/14/2019,1745,5,MI,26,2,18.2,700,155,26155
2019,9,9/10/2019,2002,5,MI,26,0,3.78,75,151,26151
2019,9,9/11/2019,1843,5,MI,26,0,0.05,25,81,26081
2019,3,3/14/2019,1809,5,MI,26,0,8.05,125,49,26049
2019,3,3/14/2019,1824,5,MI,26,0,6.54,75,49,26049
2019,5,5/19/2019,1725,5,MI,26,0,1.35,50,15,26015
2019,9,9/2/2019,2047,6,MN,27,1,1.04,90,171,27171
2019,7,7/18/2019,2133,6,MN,27,0,0.27,20,169,27169
2019,9,9/11/2019,522,6,MN,27,1,0.17,80,169,27169
2019,7,7/9/2019,1657,6,MN,27,1,2,100,167,27167
2019,7,7/9/2019,1720,6,MN,27,1,0.95,150,167,27167
2019,6,6/20/2019,1742,6,MN,27,0,0.52,30,165,27165
2019,7,7/28/2019,1528,6,MN,27,1,4.4,440,163,27163
2019,9,9/24/2019,1858,6,MN,27,0,1.09,35,157,27157
2019,6,6/17/2019,1452,6,MN,27,0,0.02,30,147,27147
2019,8,8/13/2019,1524,6,MN,27,0,5.89,25,147,27147
2019,7,7/5/2019,1645,6,MN,27,0,0.16,25,143,27143
2019,7,7/15/2019,1804,6,MN,27,0,0.29,100,139,27139
2019,7,7/17/2019,1923,6,MN,27,0,5.72,500,137,27137
2019,7,7/17/2019,1849,6,MN,27,1,3.43,600,137,27137
2019,7,7/17/2019,1901,6,MN,27,1,5.73,420,137,27137
2019,6,6/20/2019,1618,6,MN,27,1,5.39,550,127,27127
2019,6,6/8/2019,1834,6,MN,27,2,3.6,400,119,27119
2019,6,6/11/2019,1519,6,MN,27,0,0.08,10,117,27117
2019,8,8/13/2019,1325,6,MN,27,0,0.25,100,111,27111
2019,7,7/9/2019,1745,6,MN,27,1,2,150,111,27111
2019,6,6/4/2019,1648,6,MN,27,1,1.25,75,109,27109
2019,5,5/24/2019,1822,6,MN,27,0,0.42,200,107,27107
2019,8,8/17/2019,2159,6,MN,27,0,4.01,40,105,27105
2019,8,8/17/2019,2159,6,MN,27,0,0.79,50,101,27101
2019,8,8/17/2019,2208,6,MN,27,0,0.93,50,101,27101
2019,8,8/17/2019,2214,6,MN,27,0,1.15,50,101,27101
2019,8,8/17/2019,2154,6,MN,27,1,3.94,75,101,27101
2019,8,8/26/2019,1743,6,MN,27,0,2.97,50,95,27095
2019,8,8/26/2019,1839,6,MN,27,1,2.31,50,95,27095
2019,8,8/10/2019,1736,6,MN,27,0,0.02,25,91,27091
2019,5,5/24/2019,1824,6,MN,27,0,6.14,200,87,27087
2019,5,5/24/2019,1830,6,MN,27,1,3.5,200,87,27087
2019,7,7/28/2019,1417,6,MN,27,0,3.99,200,85,27085
2019,7,7/28/2019,1432,6,MN,27,0,0.28,25,85,27085
2019,7,7/28/2019,1436,6,MN,27,0,2.63,440,85,27085
2019,7,7/5/2019,1840,6,MN,27,0,0.1,25,79,27079
2019,7,7/17/2019,1540,6,MN,27,1,15,100,77,27077
2019,9,9/21/2019,1601,6,MN,27,0,1.23,80,65,27065
2019,9,9/2/2019,2110,6,MN,27,1,2.54,210,53,27053
2019,5,5/27/2019,1107,6,MN,27,0,0.6,50,47,27047
2019,7,7/1/2019,1605,6,MN,27,0,0.01,25,47,27047
2019,5,5/27/2019,1223,6,MN,27,0,0.18,25,45,27045
2019,5,5/27/2019,1229,6,MN,27,0,0.21,15,45,27045
2019,5,5/27/2019,1240,6,MN,27,0,0.19,25,45,27045
2019,5,5/27/2019,1250,6,MN,27,0,6.01,30,45,27045
2019,8,8/13/2019,1603,6,MN,27,0,0.32,25,37,27037
2019,8,8/10/2019,1706,6,MN,27,0,1.42,50,33,27033
2019,8,8/17/2019,2225,6,MN,27,0,0.51,20,33,27033
2019,7,7/9/2019,1658,6,MN,27,0,0.5,75,27,27027
2019,7,7/9/2019,1730,6,MN,27,0,3,150,27,27027
2019,7,7/28/2019,1536,6,MN,27,1,3.76,250,25,27025
2019,9,9/2/2019,2108,6,MN,27,0,1.33,90,19,27019
2019,6,6/20/2019,1727,6,MN,27,0,2.03,50,15,27015
2019,7,7/17/2019,1505,6,MN,27,0,0.25,25,7,27007
2019,8,8/26/2019,1805,6,MN,27,0,1.8,30,1,27001
2019,4,4/13/2019,1639,6,MS,28,0,2,200,163,28163
2019,4,4/13/2019,1700,6,MS,28,0,2.92,25,163,28163
2019,6,6/24/2019,249,6,MS,28,0,0.86,100,163,28163
2019,4,4/18/2019,1554,6,MS,28,0,9.25,1000,159,28159
2019,4,4/18/2019,1557,6,MS,28,0,6.08,800,159,28159
2019,4,4/18/2019,1608,6,MS,28,0,1.35,50,159,28159
2019,4,4/18/2019,1550,6,MS,28,1,1.34,100,159,28159
2019,4,4/18/2019,1604,6,MS,28,1,2.91,100,159,28159
2019,4,4/18/2019,1613,6,MS,28,1,0.13,100,159,28159
2019,4,4/13/2019,2055,6,MS,28,2,2.06,830,159,28159
2019,4,4/7/2019,1702,6,MS,28,1,1.72,125,157,28157
2019,4,4/13/2019,2012,6,MS,28,0,0.85,200,155,28155
2019,4,4/13/2019,2026,6,MS,28,0,0.34,100,155,28155
2019,12,12/16/2019,1822,6,MS,28,1,2.6,150,153,28153
2019,12,12/16/2019,1148,6,MS,28,0,3.8,50,149,28149
2019,6,6/24/2019,245,6,MS,28,1,0.31,300,149,28149
2019,12,12/16/2019,1126,6,MS,28,1,2.83,400,149,28149
2019,4,4/13/2019,1557,6,MS,28,2,18.21,700,149,28149
2019,4,4/13/2019,1604,6,MS,28,2,4.33,440,149,28149
2019,4,4/13/2019,1608,6,MS,28,2,2.74,175,149,28149
2019,4,4/13/2019,1912,6,MS,28,2,4.41,150,147,28147
2019,12,12/16/2019,1541,6,MS,28,1,9.26,300,145,28145
2019,4,4/25/2019,1625,6,MS,28,0,0.19,50,143,28143
2019,3,3/9/2019,1716,6,MS,28,1,2.2,250,141,28141
2019,12,12/16/2019,1627,6,MS,28,1,3.51,150,141,28141
2019,2,2/23/2019,1541,6,MS,28,2,4.87,200,141,28141
2019,3,3/9/2019,1431,6,MS,28,0,0.03,50,139,28139
2019,3,3/9/2019,1436,6,MS,28,0,3.1,100,139,28139
2019,4,4/18/2019,1420,6,MS,28,0,1.97,50,129,28129
2019,6,6/24/2019,457,6,MS,28,0,0.78,50,129,28129
2019,11,11/27/2019,32,6,MS,28,0,2.79,50,129,28129
2019,4,4/13/2019,2042,6,MS,28,1,1.91,200,129,28129
2019,4,4/18/2019,1419,6,MS,28,1,3.47,950,129,28129
2019,12,12/16/2019,1722,6,MS,28,3,16.9,1320,129,28129
2019,4,4/18/2019,1401,6,MS,28,0,0.86,600,127,28127
2019,4,4/18/2019,1337,6,MS,28,1,16.1,600,127,28127
2019,4,4/18/2019,1354,6,MS,28,1,7.53,400,127,28127
2019,12,12/16/2019,1719,6,MS,28,1,1.73,200,127,28127
2019,4,4/18/2019,1422,6,MS,28,0,0.41,50,123,28123
2019,4,4/18/2019,1424,6,MS,28,1,1.41,200,123,28123
2019,4,4/18/2019,1424,6,MS,28,1,2.57,150,123,28123
2019,4,4/18/2019,1440,6,MS,28,1,2.85,200,123,28123
2019,4,4/18/2019,1442,6,MS,28,1,10.3,900,123,28123
2019,4,4/18/2019,1445,6,MS,28,1,5.52,1760,123,28123
2019,4,4/18/2019,1453,6,MS,28,1,5.52,1760,123,28123
2019,4,4/18/2019,1431,6,MS,28,2,6.02,560,123,28123
2019,1,1/19/2019,738,6,MS,28,0,2.72,150,121,28121
2019,4,4/18/2019,1415,6,MS,28,0,1.6,450,121,28121
2019,1,1/19/2019,744,6,MS,28,1,2.45,150,121,28121
2019,4,4/18/2019,1351,6,MS,28,1,3.13,50,121,28121
2019,4,4/18/2019,1355,6,MS,28,1,11.26,600,121,28121
2019,4,4/18/2019,1358,6,MS,28,1,3.78,400,121,28121
2019,4,4/18/2019,1407,6,MS,28,1,1.12,50,121,28121
2019,4,4/18/2019,1413,6,MS,28,1,4.49,1100,121,28121
2019,4,4/18/2019,1422,6,MS,28,1,4.83,150,121,28121
2019,11,11/27/2019,3,6,MS,28,1,4.46,75,121,28121
2019,4,4/18/2019,1402,6,MS,28,2,8.52,600,121,28121
2019,11,11/26/2019,2357,6,MS,28,2,11.89,500,121,28121
2019,8,8/9/2019,1700,6,MS,28,0,0.09,50,119,28119
2019,12,12/16/2019,1614,6,MS,28,0,0.33,75,117,28117
2019,5,5/9/2019,1012,6,MS,28,1,0.81,270,113,28113
2019,12,12/29/2019,1632,6,MS,28,0,2.61,200,105,28105
2019,4,4/13/2019,2118,6,MS,28,1,4.46,400,105,28105
2019,4,4/13/2019,2058,6,MS,28,2,6.75,830,105,28105
2019,4,4/18/2019,1614,6,MS,28,1,6.52,700,103,28103
2019,4,4/18/2019,1629,6,MS,28,1,2.02,500,103,28103
2019,4,4/18/2019,1638,6,MS,28,1,9.51,600,103,28103
2019,12,12/29/2019,1713,6,MS,28,1,3.23,125,101,28101
2019,1,1/19/2019,843,6,MS,28,0,0.26,50,99,28099
2019,4,4/18/2019,1534,6,MS,28,0,10.95,1000,99,28099
2019,4,4/18/2019,1514,6,MS,28,1,0.07,50,99,28099
2019,4,4/18/2019,1523,6,MS,28,1,8.82,1400,99,28099
2019,4,4/18/2019,1523,6,MS,28,1,0.29,75,99,28099
2019,4,4/18/2019,1524,6,MS,28,1,1.86,350,99,28099
2019,4,4/18/2019,1526,6,MS,28,1,1.38,180,99,28099
2019,4,4/18/2019,1530,6,MS,28,1,1.95,250,99,28099
2019,4,4/18/2019,1540,6,MS,28,1,2,1.91,99,28099
2019,4,4/18/2019,1540,6,MS,28,1,3.15,700,99,28099
2019,3,3/9/2019,1717,6,MS,28,0,0.38,25,97,28097
2019,4,4/13/2019,2206,6,MS,28,2,11.3,800,95,28095
2019,4,4/13/2019,2222,6,MS,28,2,13.2,800,95,28095
2019,7,7/16/2019,1117,6,MS,28,0,5.29,75,93,28093
2019,12,12/16/2019,1656,6,MS,28,1,6.18,440,91,28091
2019,12,12/16/2019,1641,6,MS,28,2,7.44,350,91,28091
2019,12,12/29/2019,1535,6,MS,28,0,0.84,50,89,28089
2019,2,2/23/2019,1653,6,MS,28,0,0.47,150,87,28087
2019,4,4/18/2019,1642,6,MS,28,1,3.07,150,87,28087
2019,2,2/23/2019,1714,6,MS,28,3,9.74,440,87,28087
2019,4,4/18/2019,1335,6,MS,28,0,0.64,200,85,28085
2019,12,12/16/2019,1604,6,MS,28,0,0.43,50,85,28085
2019,12,12/16/2019,1502,6,MS,28,2,10.39,880,85,28085
2019,12,12/16/2019,1555,6,MS,28,0,2.23,80,81,28081
2019,12,12/16/2019,1553,6,MS,28,2,9.42,250,81,28081
2019,4,4/25/2019,1736,6,MS,28,0,1.35,25,79,28079
2019,12,12/29/2019,1539,6,MS,28,0,0.52,100,79,28079
2019,1,1/19/2019,642,6,MS,28,1,1.4,250,79,28079
2019,2,2/12/2019,453,6,MS,28,1,4.22,500,79,28079
2019,4,4/13/2019,1835,6,MS,28,1,4.86,300,79,28079
2019,4,4/18/2019,1445,6,MS,28,1,8.5,1320,79,28079
2019,4,4/18/2019,1446,6,MS,28,1,10.34,1000,79,28079
2019,4,4/18/2019,1504,6,MS,28,1,9.83,1600,79,28079
2019,4,4/18/2019,1519,6,MS,28,1,2.1,300,79,28079
2019,4,4/18/2019,1520,6,MS,28,1,4.1,350,79,28079
2019,4,4/18/2019,1522,6,MS,28,1,0.31,75,79,28079
2019,4,4/18/2019,1525,6,MS,28,1,0.31,180,79,28079
2019,12,12/16/2019,1644,6,MS,28,1,2.45,600,77,28077
2019,12,12/16/2019,1717,6,MS,28,3,5.42,560,73,28073
2019,4,4/18/2019,1537,6,MS,28,0,3.34,3.33,69,28069
2019,4,4/13/2019,2219,6,MS,28,2,8.43,700,69,28069
2019,12,12/16/2019,1759,6,MS,28,3,16.52,350,67,28067
2019,12,12/16/2019,1647,6,MS,28,2,8.21,600,65,28065
2019,4,4/18/2019,1213,6,MS,28,1,8.32,1100,63,28063
2019,4,4/14/2019,150,6,MS,28,1,1.1,50,59,28059
2019,4,4/13/2019,1743,6,MS,28,1,1.27,100,51,28051
2019,12,12/29/2019,1449,6,MS,28,0,0.89,150,49,28049
2019,4,4/18/2019,1341,6,MS,28,1,2.32,150,49,28049
2019,5,5/9/2019,741,6,MS,28,1,3.54,550,49,28049
2019,6,6/17/2019,1253,6,MS,28,1,2.48,150,49,28049
2019,6,6/24/2019,246,6,MS,28,1,2.11,400,49,28049
2019,6,6/24/2019,256,6,MS,28,1,5.33,250,49,28049
2019,12,12/16/2019,1152,6,MS,28,1,18.52,616,49,28049
2019,4,4/18/2019,1259,6,MS,28,2,11.03,1320,49,28049
2019,4,4/18/2019,1306,6,MS,28,2,12.77,1320,49,28049
2019,4,4/25/2019,1022,6,MS,28,1,0.25,25,45,28045
2019,12,12/16/2019,1434,6,MS,28,2,4.23,720,37,28037
2019,7,7/14/2019,525,6,MS,28,0,0.48,25,35,28035
2019,4,4/13/2019,2039,6,MS,28,1,2.19,250,31,28031
2019,12,12/16/2019,1723,6,MS,28,1,0.41,100,31,28031
2019,4,4/18/2019,1336,6,MS,28,0,1,50,29,28029
2019,4,4/18/2019,1258,6,MS,28,1,6.57,500,29,28029
2019,4,4/13/2019,2236,6,MS,28,1,7.03,300,23,28023
2019,4,4/13/2019,2248,6,MS,28,1,4.57,200,23,28023
2019,4,4/13/2019,2255,6,MS,28,2,6.09,400,23,28023
2019,12,12/16/2019,1824,6,MS,28,2,32.16,350,23,28023
2019,4,4/18/2019,1224,6,MS,28,1,0.12,475,21,28021
2019,12,12/16/2019,1109,6,MS,28,1,8.35,600,21,28021
2019,4,4/13/2019,2008,6,MS,28,1,1.81,400,19,28019
2019,12,12/29/2019,1613,6,MS,28,1,3.82,200,19,28019
2019,12,12/16/2019,1545,6,MS,28,0,2.61,60,13,28013
2019,4,4/13/2019,1742,6,MS,28,0,0.28,100,7,28007
2019,12,12/29/2019,1540,6,MS,28,0,1.22,50,7,28007
2019,4,4/13/2019,1806,6,MS,28,1,0.51,50,7,28007
2019,12,12/29/2019,1536,6,MS,28,1,4.76,400,7,28007
2019,12,12/29/2019,1553,6,MS,28,1,6.6,500,7,28007
2019,12,12/29/2019,1603,6,MS,28,1,7.7,900,7,28007
2019,12,12/16/2019,1430,6,MS,28,3,18.89,880,5,28005
2019,2,2/23/2019,1537,6,MS,28,1,3.43,200,3,28003
2019,4,4/30/2019,1858,6,MO,29,0,2.41,100,229,29229
2019,4,4/30/2019,1830,6,MO,29,1,1.43,75,229,29229
2019,4,4/30/2019,2035,6,MO,29,1,2.17,100,229,29229
2019,5,5/21/2019,1417,6,MO,29,1,23.75,200,229,29229
2019,5,5/21/2019,1348,6,MO,29,1,7.07,100,225,29225
2019,10,10/21/2019,24,6,MO,29,1,1.83,250,225,29225
2019,3,3/24/2019,1622,6,MO,29,0,0.01,20,221,29221
2019,4,4/30/2019,2058,6,MO,29,0,5.64,50,215,29215
2019,4,4/30/2019,2051,6,MO,29,1,5.64,100,215,29215
2019,10,10/21/2019,146,6,MO,29,1,1.11,450,215,29215
2019,4,4/30/2019,1615,6,MO,29,0,1.02,75,213,29213
2019,4,4/30/2019,1450,6,MO,29,1,1.72,100,213,29213
2019,4,4/30/2019,1935,6,MO,29,1,11.14,100,209,29209
2019,5,5/29/2019,744,6,MO,29,1,0.97,75,201,29201
2019,5,5/21/2019,1700,6,MO,29,1,4,250,183,29183
2019,5,5/23/2019,51,6,MO,29,1,9.79,440,169,29169
2019,12,12/28/2019,1903,6,MO,29,0,1.36,75,167,29167
2019,4,4/30/2019,1840,6,MO,29,1,1.84,100,167,29167
2019,4,4/30/2019,2102,6,MO,29,0,0.4,50,161,29161
2019,4,4/30/2019,2103,6,MO,29,0,0.59,75,161,29161
2019,4,4/30/2019,2106,6,MO,29,0,5.08,75,161,29161
2019,5,5/21/2019,1518,6,MO,29,1,5.87,800,161,29161
2019,5,5/2/2019,1711,6,MO,29,0,2.76,150,155,29155
2019,4,4/30/2019,1453,6,MO,29,1,3.68,100,153,29153
2019,10,10/21/2019,113,6,MO,29,1,6.23,450,153,29153
2019,5,5/22/2019,2156,6,MO,29,1,12.93,880,131,29131
2019,3,3/24/2019,1831,6,MO,29,1,4.24,250,123,29123
2019,4,4/30/2019,1442,6,MO,29,1,6.28,880,119,29119
2019,5,5/22/2019,2107,6,MO,29,1,0.09,250,119,29119
2019,4,4/30/2019,1422,6,MO,29,1,3.75,100,109,29109
2019,4,4/30/2019,1839,6,MO,29,1,0.35,50,109,29109
2019,5,5/24/2019,1919,6,MO,29,0,2.72,40,107,29107
2019,5,5/23/2019,49,6,MO,29,1,1.26,440,105,29105
2019,5,5/22/2019,1923,6,MO,29,0,7.88,200,97,29097
2019,5,5/22/2019,1906,6,MO,29,3,8.77,440,97,29097
2019,5,5/22/2019,1951,6,MO,29,3,4.03,880,97,29097
2019,5,5/24/2019,1900,6,MO,29,0,0.25,50,95,29095
2019,5,5/24/2019,1908,6,MO,29,0,0.68,25,95,29095
2019,9,9/22/2019,1629,6,MO,29,0,0.13,10,95,29095
2019,4,4/30/2019,2226,6,MO,29,1,0.06,30,93,29093
2019,4,4/30/2019,2117,6,MO,29,0,2.18,100,91,29091
2019,10,10/21/2019,130,6,MO,29,0,0.11,50,91,29091
2019,5,5/22/2019,1919,6,MO,29,0,0.56,40,89,29089
2019,6,6/15/2019,1522,6,MO,29,0,0.71,15,87,29087
2019,5,5/21/2019,1206,6,MO,29,0,1.17,100,77,29077
2019,10,10/21/2019,3,6,MO,29,0,0.52,100,77,29077
2019,10,10/21/2019,11,6,MO,29,0,1.41,20,77,29077
2019,4,4/30/2019,1915,6,MO,29,1,1.78,200,77,29077
2019,4,4/30/2019,1921,6,MO,29,1,1.71,200,77,29077
2019,4,4/30/2019,1932,6,MO,29,2,8.35,400,77,29077
2019,5,5/21/2019,1658,6,MO,29,0,1.94,50,71,29071
2019,4,4/30/2019,1716,6,MO,29,0,1.84,50,67,29067
2019,4,4/30/2019,2040,6,MO,29,0,2.86,100,67,29067
2019,4,4/30/2019,1744,6,MO,29,1,8.57,200,67,29067
2019,4,4/30/2019,1806,6,MO,29,1,3.05,200,67,29067
2019,10,10/21/2019,106,6,MO,29,1,16.32,450,67,29067
2019,10,10/21/2019,119,6,MO,29,1,6.71,450,67,29067
2019,4,4/30/2019,1930,6,MO,29,0,1.5,50,59,29059
2019,4,4/17/2019,2350,6,MO,29,0,1.97,50,57,29057
2019,4,4/18/2019,0,6,MO,29,0,1.04,200,57,29057
2019,4,4/30/2019,1840,6,MO,29,1,0.25,50,57,29057
2019,3,3/24/2019,1531,6,MO,29,0,5.75,100,55,29055
2019,5,5/22/2019,2220,6,MO,29,3,17.13,1500,51,29051
2019,5,5/28/2019,1858,6,MO,29,2,5.85,400,47,29047
2019,4,4/30/2019,1715,6,MO,29,0,0.02,50,43,29043
2019,10,10/20/2019,2357,6,MO,29,0,4.2,100,43,29043
2019,4,4/30/2019,1946,6,MO,29,1,12.15,100,43,29043
2019,10,10/21/2019,3,6,MO,29,1,11.88,150,43,29043
2019,10,10/21/2019,18,6,MO,29,1,4.46,250,43,29043
2019,4,4/30/2019,1928,6,MO,29,2,1.93,400,43,29043
2019,5,5/21/2019,1605,6,MO,29,1,0.56,250,27,29027
2019,5,5/22/2019,2240,6,MO,29,1,2.62,100,27,29027
2019,3,3/24/2019,1947,6,MO,29,2,10.3,250,17,29017
2019,5,5/20/2019,1534,6,MO,29,1,4.53,440,11,29011
2019,5,5/22/2019,1958,6,MO,29,3,7.26,880,11,29011
2019,4,4/30/2019,1525,6,MO,29,0,5.03,200,9,29009
2019,4,4/30/2019,1748,6,MO,29,0,1.9,75,9,29009
2019,4,4/30/2019,1453,6,MO,29,1,6.06,880,9,29009
2019,5,5/22/2019,2102,6,MO,29,0,0.83,150,7,29007
2019,6,6/27/2019,1638,7,MT,30,0,0.39,50,107,30107
2019,6,6/27/2019,1810,7,MT,30,0,0.11,20,71,30071
2019,6,6/27/2019,1610,7,MT,30,0,0.25,400,45,30045
2019,7,7/18/2019,2344,7,MT,30,1,0.5,100,11,30011
2019,5,5/17/2019,1655,6,NE,31,2,6,350,145,31145
2019,5,5/27/2019,2145,6,NE,31,0,0.01,75,129,31129
2019,5,5/21/2019,1855,6,NE,31,0,0.8,50,127,31127
2019,5,5/5/2019,1638,6,NE,31,2,0.55,200,109,31109
2019,8,8/29/2019,1630,6,NE,31,0,1.3,20,85,31085
2019,8,8/29/2019,1645,6,NE,31,0,0.1,20,85,31085
2019,8,8/29/2019,1625,6,NE,31,1,0.1,20,85,31085
2019,5,5/17/2019,1711,6,NE,31,0,2.11,50,63,31063
2019,5,5/17/2019,1732,6,NE,31,0,0.1,20,63,31063
2019,5,5/17/2019,1745,6,NE,31,0,0.1,50,63,31063
2019,5,5/17/2019,1755,6,NE,31,0,0.5,315,63,31063
2019,5,5/17/2019,1812,6,NE,31,0,0.3,40,63,31063
2019,5,5/17/2019,1815,6,NE,31,0,0.24,360,63,31063
2019,5,5/17/2019,1758,6,NE,31,2,0.6,178,63,31063
2019,5,5/17/2019,1805,6,NE,31,3,2.12,400,63,31063
2019,5,5/26/2019,1821,6,NE,31,1,1.9,500,61,31061
2019,5,5/17/2019,1915,6,NE,31,0,1.58,150,47,31047
2019,5,5/17/2019,1815,6,NE,31,1,4.43,400,47,31047
2019,5,5/17/2019,1854,6,NE,31,1,9.75,600,47,31047
2019,5,5/17/2019,1930,6,NE,31,1,0.1,92,41,31041
2019,5,5/27/2019,1743,7,NE,31,0,0.2,25,29,31029
2019,5,5/27/2019,1837,7,NE,31,0,0.1,50,29,31029
2019,5,5/27/2019,1905,7,NE,31,0,0.2,25,29,31029
2019,5,5/27/2019,1823,7,NE,31,1,5.51,250,29,31029
2019,7,7/28/2019,2010,6,NE,31,0,0.04,30,15,31015
2019,7,7/8/2019,1738,6,NE,31,0,0.01,25,1,31001
2019,5,5/22/2019,1130,8,NV,32,0,0.16,25,23,32023
2019,8,8/7/2019,1347,5,NJ,34,0,0.1,100,39,34039
2019,5,5/28/2019,1930,5,NJ,34,1,1.25,350,37,34037
2019,10,10/31/2019,2323,5,NJ,34,1,4.87,150,27,34027
2019,8,8/7/2019,1533,5,NJ,34,0,0.33,25,21,34021
2019,6,6/13/2019,2315,5,NJ,34,0,0.32,50,15,34015
2019,6,6/13/2019,2330,5,NJ,34,1,2.07,200,15,34015
2019,8,8/7/2019,1740,5,NJ,34,0,0.1,10,11,34011
2019,7,7/6/2019,1307,5,NJ,34,0,0.07,5,5,34005
2019,7,7/11/2019,1818,5,NJ,34,1,1.27,150,5,34005
2019,5,5/26/2019,1555,7,NM,35,0,21.74,75,59,35059
2019,5,5/26/2019,1650,7,NM,35,0,2.62,50,59,35059
2019,7,7/5/2019,1505,7,NM,35,0,2.14,50,59,35059
2019,6,6/2/2019,1327,7,NM,35,0,4.22,50,57,35057
2019,6,6/17/2019,1402,7,NM,35,0,1.33,30,57,35057
2019,5,5/26/2019,1725,7,NM,35,0,0.79,50,41,35041
2019,5,5/26/2019,1857,7,NM,35,0,2.07,50,41,35041
2019,5,5/26/2019,1820,7,NM,35,2,9.5,200,41,35041
2019,6,6/4/2019,1554,7,NM,35,1,0.31,60,35,35035
2019,2,2/17/2019,1520,7,NM,35,0,0.24,30,31,35031
2019,5,5/30/2019,1242,7,NM,35,0,0.42,30,31,35031
2019,5,5/8/2019,1645,7,NM,35,0,0.03,20,27,35027
2019,6,6/4/2019,1645,7,NM,35,0,0.05,20,15,35015
2019,3,3/12/2019,1708,7,NM,35,2,14.7,880,15,35015
2019,12,12/27/2019,1654,7,NM,35,1,4.79,100,9,35009
2019,5,5/26/2019,1704,7,NM,35,0,2.39,50,5,35005
2019,6,6/3/2019,1710,7,NM,35,0,1.38,50,5,35005
2019,3,3/12/2019,1655,7,NM,35,2,15.19,350,5,35005
2019,9,9/2/2019,1533,5,NY,36,0,1.63,50,103,36103
2019,8,8/21/2019,1435,5,NY,36,0,0.38,75,91,36091
2019,8,8/21/2019,1324,5,NY,36,0,0.51,150,35,36035
2019,4,4/15/2019,32,5,NY,36,1,2.15,175,7,36007
2019,9,9/5/2019,1507,5,NC,37,1,0.85,200,195,37195
2019,9,9/5/2019,1252,5,NC,37,0,0.63,125,191,37191
2019,7,7/23/2019,1334,5,NC,37,0,1.24,175,183,37183
2019,5,5/13/2019,913,5,NC,37,2,10.22,385,183,37183
2019,5,5/11/2019,1540,5,NC,37,1,1.1,295,167,37167
2019,4,4/19/2019,1601,5,NC,37,1,5.34,125,163,37163
2019,6,6/8/2019,1608,5,NC,37,0,0.15,30,161,37161
2019,9,9/5/2019,2338,5,NC,37,0,0.1,50,143,37143
2019,9,9/5/2019,2344,5,NC,37,0,0.1,50,143,37143
2019,8,8/5/2019,913,5,NC,37,0,0.1,20,141,37141
2019,8,8/7/2019,1445,5,NC,37,0,0.1,20,141,37141
2019,9,9/5/2019,645,5,NC,37,0,7.13,40,141,37141
2019,9,9/5/2019,656,5,NC,37,0,0.53,30,141,37141
2019,9,9/5/2019,1210,5,NC,37,0,4.4,20,141,37141
2019,9,9/5/2019,1119,5,NC,37,1,5.43,60,141,37141
2019,4,4/19/2019,1500,5,NC,37,2,10.1,600,135,37135
2019,4,4/19/2019,1739,5,NC,37,0,1.5,50,131,37131
2019,4,4/19/2019,1740,5,NC,37,0,8.3,100,131,37131
2019,4,4/19/2019,1744,5,NC,37,0,9.75,100,131,37131
2019,9,9/5/2019,517,5,NC,37,0,2.47,20,129,37129
2019,9,9/5/2019,539,5,NC,37,0,0.31,25,129,37129
2019,9,9/5/2019,558,5,NC,37,0,0.38,30,129,37129
2019,9,9/5/2019,1048,5,NC,37,1,2.86,100,129,37129
2019,4,4/19/2019,1708,5,NC,37,1,11.07,350,127,37127
2019,5,5/13/2019,928,5,NC,37,1,6.96,385,127,37127
2019,4,4/19/2019,1411,5,NC,37,1,1.6,300,125,37125
2019,4,4/19/2019,927,5,NC,37,0,0.43,50,111,37111
2019,4,4/19/2019,1431,5,NC,37,0,6.06,100,109,37109
2019,9,9/5/2019,1531,5,NC,37,0,0.12,50,101,37101
2019,4,4/19/2019,1606,5,NC,37,1,4.81,125,101,37101
2019,7,7/23/2019,1400,5,NC,37,1,0.22,100,101,37101
2019,4,4/12/2019,1740,5,NC,37,0,4.9,100,85,37085
2019,4,4/15/2019,116,5,NC,37,0,0.98,50,83,37083
2019,4,4/19/2019,1718,5,NC,37,1,0.67,350,83,37083
2019,4,4/19/2019,1734,5,NC,37,1,6.17,100,83,37083
2019,4,4/19/2019,1429,5,NC,37,0,1.05,100,71,37071
2019,4,4/19/2019,1716,5,NC,37,1,10.6,75,65,37065
2019,9,9/5/2019,1330,5,NC,37,0,5.7,75,49,37049
2019,9,9/5/2019,1600,5,NC,37,0,0.1,75,49,37049
2019,10,10/22/2019,1843,5,NC,37,0,0.04,40,49,37049
2019,9,9/5/2019,537,5,NC,37,0,2.12,50,47,37047
2019,4,4/19/2019,1435,5,NC,37,1,1.92,150,37,37037
2019,11,11/1/2019,15,5,NC,37,0,0.37,60,31,37031
2019,9,9/5/2019,802,5,NC,37,2,13,200,31,37031
2019,10,10/22/2019,1157,5,NC,37,0,0.26,50,25,37025
2019,9,9/5/2019,419,5,NC,37,0,4.12,35,19,37019
2019,9,9/5/2019,423,5,NC,37,1,2.56,50,19,37019
2019,9,9/5/2019,558,5,NC,37,2,9.31,200,19,37019
2019,9,9/5/2019,621,5,NC,37,0,4.87,40,17,37017
2019,4,4/19/2019,1510,5,NC,37,0,0.53,75,3,37003
2019,6,6/15/2019,1529,6,ND,38,0,0.46,30,103,38103
2019,7,7/8/2019,1506,6,ND,38,0,0.2,50,95,38095
2019,9,9/20/2019,1700,6,ND,38,0,0.1,25,95,38095
2019,6,6/15/2019,1353,6,ND,38,0,0.37,30,93,38093
2019,5,5/24/2019,1720,6,ND,38,0,4.5,150,91,38091
2019,7,7/8/2019,1346,6,ND,38,0,0.53,50,83,38083
2019,7,7/9/2019,1630,6,ND,38,0,0.2,50,77,38077
2019,7,7/9/2019,1619,6,ND,38,1,1.5,100,77,38077
2019,7,7/28/2019,1323,6,ND,38,1,3.82,100,63,38063
2019,7,7/8/2019,1252,6,ND,38,0,0.61,50,57,38057
2019,8,8/12/2019,1840,6,ND,38,0,0.45,30,55,38055
2019,7,7/12/2019,2024,7,ND,38,1,2.9,200,41,38041
2019,7,7/8/2019,1532,6,ND,38,0,3.06,200,19,38019
2019,5,5/24/2019,1711,6,ND,38,0,0.24,75,3,38003
2019,5,5/24/2019,1624,6,ND,38,1,4.08,150,3,38003
2019,5,5/28/2019,130,5,OH,39,0,0.12,100,163,39163
2019,4,4/14/2019,1649,5,OH,39,0,0.5,75,157,39157
2019,6,6/16/2019,1544,5,OH,39,0,6,250,155,39155
2019,1,1/8/2019,1020,5,OH,39,1,4.5,75,155,39155
2019,6,6/16/2019,1412,5,OH,39,1,12.27,250,155,39155
2019,4,4/14/2019,1617,5,OH,39,0,0.6,50,153,39153
2019,3,3/14/2019,1911,5,OH,39,0,8.7,50,151,39151
2019,3,3/14/2019,1923,5,OH,39,0,1.6,100,151,39151
2019,4,4/14/2019,1615,5,OH,39,0,3,50,151,39151
2019,4,4/14/2019,1542,5,OH,39,2,17,800,139,39139
2019,5,5/19/2019,1950,5,OH,39,0,3.64,120,135,39135
2019,6,6/15/2019,2056,5,OH,39,0,1.7,35,135,39135
2019,5,5/19/2019,1939,5,OH,39,1,4.41,150,135,39135
2019,6,6/16/2019,1411,5,OH,39,1,1.2,250,133,39133
2019,6,6/24/2019,1656,5,OH,39,1,7.7,300,131,39131
2019,6,6/24/2019,1728,5,OH,39,1,4.3,200,131,39131
2019,5,5/27/2019,2357,5,OH,39,1,3.77,150,129,39129
2019,5,5/28/2019,9,5,OH,39,1,1.64,75,129,39129
2019,5,5/28/2019,35,5,OH,39,1,1.67,700,127,39127
2019,5,5/28/2019,36,5,OH,39,1,0.31,750,119,39119
2019,6,6/5/2019,1726,5,OH,39,1,2.82,50,119,39119
2019,6,6/24/2019,1550,5,OH,39,1,0.14,50,119,39119
2019,5,5/27/2019,2220,5,OH,39,0,2.31,50,113,39113
2019,5,5/19/2019,1956,5,OH,39,1,3.96,120,113,39113
2019,5,5/19/2019,2022,5,OH,39,1,0.97,150,113,39113
2019,5,5/27/2019,2212,5,OH,39,2,0.55,1230,113,39113
2019,5,5/27/2019,2234,5,OH,39,2,7.57,440,113,39113
2019,5,5/27/2019,2141,5,OH,39,4,18.17,1050,113,39113
2019,5,5/27/2019,2147,5,OH,39,0,5.59,200,109,39109
2019,5,5/27/2019,2208,5,OH,39,0,1.07,50,109,39109
2019,5,5/27/2019,2219,5,OH,39,0,0.74,50,109,39109
2019,5,5/27/2019,2128,5,OH,39,3,8.34,1320,109,39109
2019,5,5/27/2019,2102,5,OH,39,3,10.84,250,107,39107
2019,8,8/6/2019,1620,5,OH,39,1,1.5,50,77,39077
2019,5,5/28/2019,17,5,OH,39,2,5.31,400,73,39073
2019,6,6/5/2019,1310,5,OH,39,0,0.4,10,69,39069
2019,5,5/27/2019,2228,5,OH,39,0,2.03,50,65,39065
2019,5,5/27/2019,2323,5,OH,39,0,4.18,250,57,39057
2019,5,5/27/2019,2248,5,OH,39,1,5.06,250,57,39057
2019,5,5/27/2019,2213,5,OH,39,3,9.37,1230,57,39057
2019,6,6/13/2019,1506,5,OH,39,0,0.41,75,55,39055
2019,5,5/27/2019,2255,5,OH,39,0,0.71,250,47,39047
2019,4,4/25/2019,2107,5,OH,39,0,0.99,80,37,39037
2019,5,5/27/2019,2048,5,OH,39,1,1.42,100,37,39037
2019,5,5/27/2019,2104,5,OH,39,1,0.45,200,37,39037
2019,5,5/27/2019,2125,5,OH,39,1,2.15,300,37,39037
2019,6,6/16/2019,1423,5,OH,39,1,2.2,150,35,39035
2019,6,6/5/2019,1557,5,OH,39,0,1.18,50,33,39033
2019,2,2/7/2019,1517,5,OH,39,0,7.5,150,23,39023
2019,4,4/12/2019,732,5,OH,39,0,0.75,25,23,39023
2019,4,4/14/2019,1412,5,OH,39,0,2.68,80,23,39023
2019,5,5/25/2019,1742,5,OH,39,1,0.54,50,19,39019
2019,6,6/24/2019,1613,5,OH,39,0,0.7,75,15,39015
2019,5,5/27/2019,2147,5,OH,39,0,3.95,150,11,39011
2019,5,5/27/2019,2201,5,OH,39,0,0.22,30,11,39011
2019,5,5/27/2019,2133,5,OH,39,1,1.31,150,11,39011
2019,6,6/24/2019,1655,5,OH,39,0,1.6,300,1,39001
2019,5,5/7/2019,2232,6,OK,40,2,8.8,400,149,40149
2019,5,5/20/2019,2109,6,OK,40,0,0.75,75,145,40145
2019,5,5/25/2019,2353,6,OK,40,0,0.9,400,145,40145
2019,12,12/28/2019,1531,6,OK,40,0,1,160,145,40145
2019,4,4/30/2019,1330,6,OK,40,1,2.1,150,145,40145
2019,4,4/30/2019,1402,6,OK,40,1,7.8,300,145,40145
2019,10,10/20/2019,2208,6,OK,40,1,7.2,1100,145,40145
2019,5,5/18/2019,1003,6,OK,40,0,3.7,350,143,40143
2019,5,5/20/2019,2005,6,OK,40,0,0.5,100,143,40143
2019,5,5/21/2019,529,6,OK,40,0,0.4,75,143,40143
2019,5,5/21/2019,548,6,OK,40,0,0.6,100,143,40143
2019,5,5/22/2019,1707,6,OK,40,0,0.2,75,143,40143
2019,5,5/25/2019,2351,6,OK,40,0,0.9,400,143,40143
2019,12,12/28/2019,1530,6,OK,40,0,0.2,120,143,40143
2019,5,5/21/2019,531,6,OK,40,1,2.3,550,143,40143
2019,5,5/21/2019,537,6,OK,40,1,0.7,75,143,40143
2019,5,5/25/2019,2333,6,OK,40,1,6.5,2200,143,40143
2019,5,5/25/2019,2335,6,OK,40,1,1.6,900,143,40143
2019,5,5/22/2019,1529,6,OK,40,1,1,50,133,40133
2019,6,6/19/2019,721,6,OK,40,1,1,50,133,40133
2019,10,10/20/2019,2112,6,OK,40,1,2.8,100,133,40133
2019,5,5/18/2019,1058,6,OK,40,0,1.4,400,131,40131
2019,4,4/30/2019,1347,6,OK,40,2,8.5,1300,131,40131
2019,5,5/21/2019,350,6,OK,40,0,0.1,25,125,40125
2019,5,5/21/2019,333,6,OK,40,2,2.6,150,125,40125
2019,10,10/20/2019,2101,6,OK,40,1,0.25,150,123,40123
2019,4,4/30/2019,2141,6,OK,40,2,10,1300,121,40121
2019,5,5/18/2019,827,6,OK,40,0,0.2,25,119,40119
2019,5,5/18/2019,833,6,OK,40,0,0.4,50,119,40119
2019,4,4/30/2019,1113,6,OK,40,1,0.5,20,119,40119
2019,4,4/30/2019,1524,6,OK,40,0,2,650,115,40115
2019,4,4/30/2019,1640,6,OK,40,0,0.7,450,115,40115
2019,4,4/30/2019,1529,6,OK,40,1,7.2,700,115,40115
2019,5,5/22/2019,1825,6,OK,40,1,4.5,1100,115,40115
2019,4,4/30/2019,1314,6,OK,40,0,1.2,50,113,40113
2019,4,4/30/2019,1303,6,OK,40,0,2.5,100,111,40111
2019,5,5/22/2019,1703,6,OK,40,0,0.2,75,111,40111
2019,5,5/20/2019,2101,6,OK,40,1,4.4,450,111,40111
2019,5,5/22/2019,1643,6,OK,40,1,3.3,400,111,40111
2019,5,5/25/2019,2146,6,OK,40,0,0.9,50,109,40109
2019,5,5/25/2019,2149,6,OK,40,0,0.7,50,109,40109
2019,5,5/25/2019,2153,6,OK,40,0,0.5,30,109,40109
2019,5,5/25/2019,2157,6,OK,40,0,0.2,30,109,40109
2019,8,8/26/2019,2001,6,OK,40,0,0.12,100,109,40109
2019,5,5/22/2019,1547,6,OK,40,1,0.8,75,107,40107
2019,5,5/22/2019,1610,6,OK,40,1,0.6,125,107,40107
2019,5,5/22/2019,1623,6,OK,40,1,6,650,107,40107
2019,5,5/22/2019,1632,6,OK,40,1,4.4,400,107,40107
2019,4,4/30/2019,1357,6,OK,40,1,7.5,900,105,40105
2019,5,5/5/2019,2254,6,OK,40,1,1.5,30,103,40103
2019,5,5/20/2019,1523,6,OK,40,1,3,100,103,40103
2019,5,5/20/2019,1608,6,OK,40,1,5.2,100,103,40103
2019,4,4/30/2019,1329,6,OK,40,0,0.2,125,101,40101
2019,5,5/22/2019,1736,6,OK,40,0,0.2,75,101,40101
2019,10,10/20/2019,2212,6,OK,40,0,8.3,400,101,40101
2019,4,4/30/2019,1123,6,OK,40,1,1.75,30,99,40099
2019,5,5/18/2019,1132,6,OK,40,0,2.1,100,97,40097
2019,5,5/26/2019,44,6,OK,40,0,3.2,300,97,40097
2019,5,5/18/2019,1100,6,OK,40,1,8.7,400,97,40097
2019,5,5/20/2019,2135,6,OK,40,1,3.6,1100,97,40097
2019,5,5/22/2019,1909,6,OK,40,1,3.1,650,97,40097
2019,5,5/22/2019,1952,6,OK,40,1,5.3,400,97,40097
2019,5,5/26/2019,15,6,OK,40,0,0.2,75,91,40091
2019,5,5/29/2019,1521,6,OK,40,0,1.06,75,89,40089
2019,6,6/19/2019,1724,6,OK,40,1,0.38,75,89,40089
2019,6,6/16/2019,1650,6,OK,40,0,0.2,20,87,40087
2019,5,5/21/2019,245,6,OK,40,1,3,250,87,40087
2019,5,5/1/2019,1521,6,OK,40,0,3.16,50,85,40085
2019,5,5/1/2019,1546,6,OK,40,0,0.75,30,85,40085
2019,5,5/1/2019,1617,6,OK,40,1,6.8,150,85,40085
2019,5,5/20/2019,1557,6,OK,40,0,0.7,20,83,40083
2019,5,5/20/2019,1609,6,OK,40,0,0.3,50,83,40083
2019,5,5/20/2019,1450,6,OK,40,1,6,70,83,40083
2019,5,5/20/2019,1508,6,OK,40,1,0.3,40,83,40083
2019,8,8/26/2019,1912,6,OK,40,1,2.2,50,83,40083
2019,8,8/26/2019,1955,6,OK,40,1,3.4,500,83,40083
2019,5,5/21/2019,350,6,OK,40,0,2.2,30,81,40081
2019,4,4/30/2019,1053,6,OK,40,1,3,30,81,40081
2019,6,6/15/2019,2251,6,OK,40,1,5.2,50,81,40081
2019,5,5/18/2019,1255,6,OK,40,0,0.3,400,79,40079
2019,4,4/30/2019,2251,6,OK,40,1,4.4,1000,79,40079
2019,5,5/7/2019,2223,6,OK,40,2,3.7,300,75,40075
2019,5,5/20/2019,1536,6,OK,40,0,0.1,20,73,40073
2019,5,5/20/2019,1538,6,OK,40,0,0.1,20,73,40073
2019,5,5/20/2019,1555,6,OK,40,0,0.75,20,73,40073
2019,6,6/16/2019,1318,6,OK,40,0,0.2,20,73,40073
2019,6,6/16/2019,1319,6,OK,40,0,0.2,20,73,40073
2019,5,5/7/2019,2257,6,OK,40,1,2.1,60,71,40071
2019,4,4/30/2019,1122,6,OK,40,1,0.2,30,69,40069
2019,5,5/24/2019,1735,6,OK,40,0,0.5,20,65,40065
2019,5,5/18/2019,1213,6,OK,40,1,1.2,100,61,40061
2019,5,5/24/2019,342,6,OK,40,1,2,150,59,40059
2019,5,5/23/2019,1951,6,OK,40,2,4,1500,59,40059
2019,5,5/20/2019,1612,6,OK,40,2,11,1200,55,40055
2019,5,5/20/2019,1605,6,OK,40,0,2.5,75,47,40047
2019,4,4/17/2019,1549,6,OK,40,0,1.31,10,45,40045
2019,4,4/17/2019,1547,6,OK,40,1,1.6,50,45,40045
2019,5,5/23/2019,1947,6,OK,40,3,1.8,1500,45,40045
2019,6,6/15/2019,1940,6,OK,40,1,3,100,43,40043
2019,4,4/30/2019,1633,6,OK,40,1,3.4,1100,41,40041
2019,5,5/20/2019,2154,6,OK,40,1,6.9,600,41,40041
2019,5,5/22/2019,2351,6,OK,40,1,6,1100,41,40041
2019,5,5/20/2019,2145,6,OK,40,2,9.1,2700,41,40041
2019,5,5/22/2019,2034,6,OK,40,2,16.5,1100,41,40041
2019,6,6/15/2019,2016,6,OK,40,0,1.3,300,39,40039
2019,6,6/15/2019,1949,6,OK,40,1,0.15,100,39,40039
2019,6,6/15/2019,2042,6,OK,40,1,1.5,400,39,40039
2019,6,6/15/2019,2006,6,OK,40,2,6.25,500,39,40039
2019,5,5/21/2019,508,6,OK,40,1,1.6,75,37,40037
2019,5,5/25/2019,2304,6,OK,40,1,2.6,200,37,40037
2019,5,5/25/2019,2314,6,OK,40,1,10.7,1000,37,40037
2019,5,5/25/2019,2321,6,OK,40,1,10.9,1400,37,40037
2019,5,5/25/2019,2327,6,OK,40,1,5.8,2200,37,40037
2019,5,5/22/2019,2339,6,OK,40,0,0.5,150,35,40035
2019,4,4/30/2019,1515,6,OK,40,1,4.3,800,35,40035
2019,5,5/22/2019,1744,6,OK,40,1,5.1,350,35,40035
2019,5,5/22/2019,1759,6,OK,40,1,1.5,150,35,40035
2019,5,5/22/2019,2348,6,OK,40,1,2.6,1100,35,40035
2019,5,5/18/2019,637,6,OK,40,2,0.5,60,31,40031
2019,5,5/18/2019,1018,6,OK,40,0,0.5,50,29,40029
2019,4,4/30/2019,2034,6,OK,40,1,0.75,25,29,40029
2019,5,5/21/2019,248,6,OK,40,0,0.75,100,27,40027
2019,5,5/21/2019,313,6,OK,40,0,0.3,20,27,40027
2019,5,5/25/2019,2156,6,OK,40,0,0.7,30,27,40027
2019,5,5/21/2019,257,6,OK,40,1,4.1,50,27,40027
2019,5,5/21/2019,322,6,OK,40,1,1.4,30,27,40027
2019,6,6/2/2019,1918,6,OK,40,0,0.01,20,25,40025
2019,10,10/20/2019,2239,6,OK,40,1,2.9,600,21,40021
2019,5,5/20/2019,2129,6,OK,40,2,11.9,2700,21,40021
2019,5,5/25/2019,2128,6,OK,40,3,2.2,75,17,40017
2019,4,4/30/2019,2007,6,OK,40,3,15.4,1400,13,40013
2019,8,8/23/2019,1910,6,OK,40,0,1.93,50,7,40007
2019,5,5/23/2019,1930,6,OK,40,2,5.76,1400,7,40007
2019,5,5/21/2019,603,6,OK,40,1,1.6,100,5,40005
2019,4,4/30/2019,2026,6,OK,40,3,12.2,1000,5,40005
2019,10,10/20/2019,2300,6,OK,40,1,5.8,900,1,40001
2019,7,7/1/2019,1624,8,OR,41,0,1.6,40,51,41051
2019,9,9/8/2019,1744,8,OR,41,0,0.11,120,51,41051
2019,5,5/28/2019,1455,8,OR,41,0,0.01,10,35,41035
2019,6,6/1/2019,1117,8,OR,41,0,1.29,10,25,41025
2019,5,5/28/2019,1710,5,PA,42,0,1.58,75,131,42131
2019,4,4/14/2019,1920,5,PA,42,2,18,400,123,42123
2019,4,4/14/2019,1843,5,PA,42,0,1.2,100,121,42121
2019,4,4/14/2019,1853,5,PA,42,0,1,75,121,42121
2019,4,4/14/2019,2335,5,PA,42,1,1.45,150,119,42119
2019,5,5/29/2019,1307,5,PA,42,0,1.05,50,117,42117
2019,4,4/15/2019,50,5,PA,42,1,2.35,150,115,42115
2019,5,5/29/2019,1420,5,PA,42,0,0.42,50,113,42113
2019,4,4/15/2019,5,5,PA,42,1,10.43,350,113,42113
2019,5,5/29/2019,1514,5,PA,42,1,4.93,300,99,42099
2019,4,4/19/2019,1857,5,PA,42,2,4.9,200,87,42087
2019,1,1/8/2019,1125,5,PA,42,1,2.8,400,85,42085
2019,6,6/16/2019,1603,5,PA,42,1,1.14,150,85,42085
2019,5,5/29/2019,1414,5,PA,42,0,2.3,50,77,42077
2019,5,5/19/2019,1903,5,PA,42,1,0.84,125,71,42071
2019,5,5/28/2019,1652,5,PA,42,1,0.28,100,71,42071
2019,4,4/15/2019,45,5,PA,42,0,3.22,100,69,42069
2019,5,5/28/2019,1718,5,PA,42,1,0.79,125,69,42069
2019,4,4/19/2019,1839,5,PA,42,1,1.25,350,67,42067
2019,5,5/25/2019,1932,5,PA,42,0,0.07,20,63,42063
2019,5,5/28/2019,1445,5,PA,42,0,0.26,30,63,42063
2019,5,5/25/2019,1927,5,PA,42,1,5.13,35,63,42063
2019,6,6/16/2019,1855,5,PA,42,1,0.27,50,63,42063
2019,4,4/19/2019,1828,5,PA,42,1,5.37,350,61,42061
2019,4,4/19/2019,1806,5,PA,42,1,1.5,75,57,42057
2019,5,5/29/2019,1524,5,PA,42,1,0.72,50,57,42057
2019,4,4/19/2019,1810,5,PA,42,2,2.89,75,55,42055
2019,10,10/31/2019,2225,5,PA,42,2,0.47,250,45,42045
2019,5,5/29/2019,1524,5,PA,42,1,2.45,350,43,42043
2019,4,4/14/2019,1748,5,PA,42,0,0.4,100,39,42039
2019,4,4/15/2019,0,5,PA,42,2,3.69,300,37,42037
2019,5,5/23/2019,2014,5,PA,42,0,1.56,300,21,42021
2019,6,6/16/2019,1718,5,PA,42,1,1.04,400,19,42019
2019,5,5/19/2019,2051,5,PA,42,1,0.26,100,17,42017
2019,5,5/28/2019,1550,5,PA,42,1,3.2,200,15,42015
2019,5,5/28/2019,1653,5,PA,42,2,2.8,400,11,42011
2019,6,6/16/2019,1721,5,PA,42,1,0.5,400,5,42005
2019,10,10/2/2019,1545,5,RI,44,0,0.22,60,5,44005
2019,4,4/19/2019,1400,5,SC,45,0,0.25,15,89,45089
2019,3,3/3/2019,1913,5,SC,45,1,1.46,150,79,45079
2019,3,3/3/2019,1933,5,SC,45,1,0.6,200,79,45079
2019,3,3/3/2019,1803,5,SC,45,0,0.17,25,75,45075
2019,2,2/12/2019,1848,5,SC,45,1,0.61,125,75,45075
2019,4,4/19/2019,1301,5,SC,45,1,5.67,400,75,45075
2019,4,4/19/2019,1248,5,SC,45,2,10.6,300,75,45075
2019,4,4/19/2019,1308,5,SC,45,0,0.33,25,71,45071
2019,4,4/19/2019,1307,5,SC,45,1,1.89,200,71,45071
2019,10,10/31/2019,1709,5,SC,45,0,0.07,50,63,45063
2019,3,3/3/2019,1853,5,SC,45,1,10.84,100,63,45063
2019,3,3/3/2019,1913,5,SC,45,1,1.91,50,63,45063
2019,10,10/31/2019,1659,5,SC,45,1,1.14,50,63,45063
2019,10,10/31/2019,1702,5,SC,45,1,0.47,100,63,45063
2019,9,9/5/2019,445,5,SC,45,0,0.09,15,51,45051
2019,9,9/5/2019,537,5,SC,45,0,0.3,25,51,45051
2019,10,10/20/2019,52,5,SC,45,0,0.87,25,51,45051
2019,9,9/5/2019,337,5,SC,45,1,4.76,75,51,45051
2019,4,4/14/2019,1951,5,SC,45,1,1.63,200,45,45045
2019,4,4/14/2019,2103,5,SC,45,1,6.9,100,45,45045
2019,4,4/19/2019,1400,5,SC,45,0,0.55,30,41,45041
2019,3,3/3/2019,1753,5,SC,45,2,5.05,200,37,45037
2019,4,4/19/2019,1329,5,SC,45,2,2.91,250,27,45027
2019,4,4/19/2019,1307,5,SC,45,1,2.15,400,17,45017
2019,3,3/1/2019,1817,5,SC,45,0,1.54,75,1,45001
2019,7,7/4/2019,1917,7,SD,46,1,1.66,250,103,46103
2019,7,7/4/2019,1921,7,SD,46,1,0.3,200,103,46103
2019,7,7/4/2019,1929,7,SD,46,1,1.22,200,103,46103
2019,7,7/18/2019,1615,6,SD,46,0,0.41,5,99,46099
2019,9,9/10/2019,2228,6,SD,46,2,0.7,75,99,46099
2019,8,8/15/2019,1619,6,SD,46,0,0.3,75,91,46091
2019,8,8/9/2019,1558,6,SD,46,0,0.09,10,85,46085
2019,9,9/10/2019,2224,6,SD,46,2,0.63,50,83,46083
2019,9,9/10/2019,2224,6,SD,46,2,0.9,50,83,46083
2019,7,7/17/2019,422,6,SD,46,1,1.69,50,67,46067
2019,9,9/9/2019,1439,6,SD,46,0,3.2,40,57,46057
2019,6,6/30/2019,1523,6,SD,46,0,0.65,25,53,46053
2019,8,8/6/2019,2125,6,SD,46,1,3.82,75,53,46053
2019,6,6/15/2019,1705,6,SD,46,0,0.12,10,39,46039
2019,9,9/9/2019,1755,6,SD,46,0,0.1,10,37,46037
2019,9,9/9/2019,1914,6,SD,46,0,0.19,10,37,46037
2019,9,9/9/2019,1903,6,SD,46,1,1.56,80,37,46037
2019,7,7/3/2019,1530,7,SD,46,0,3.25,50,33,46033
2019,9,9/9/2019,1437,6,SD,46,0,2.58,20,29,46029
2019,9,9/10/2019,1913,6,SD,46,0,1.43,20,9,46009
2019,7,7/3/2019,1506,7,SD,46,0,0.01,7,7,46007
2019,7,7/3/2019,1519,7,SD,46,0,0.01,7,7,46007
2019,7,7/3/2019,1537,7,SD,46,0,0.01,7,7,46007
2019,6,6/29/2019,1335,7,SD,46,1,5.82,720,7,46007
2019,2,2/6/2019,2149,6,TN,47,0,0.97,50,189,47189
2019,2,2/6/2019,2003,6,TN,47,0,0.27,25,187,47187
2019,10,10/21/2019,520,6,TN,47,0,1.67,200,167,47167
2019,10,10/21/2019,528,6,TN,47,0,2,200,167,47167
2019,10,10/21/2019,534,6,TN,47,1,7.42,250,157,47157
2019,2,2/6/2019,1435,6,TN,47,0,1.2,75,149,47149
2019,5,5/2/2019,1720,6,TN,47,0,0.21,100,131,47131
2019,5,5/2/2019,1743,6,TN,47,0,0.14,100,131,47131
2019,6,6/19/2019,1710,6,TN,47,0,1.25,100,125,47125
2019,12,12/16/2019,1741,6,TN,47,0,3.45,50,117,47117
2019,6,6/21/2019,1907,6,TN,47,1,1.7,150,111,47111
2019,5,5/9/2019,1147,6,TN,47,0,2.5,75,103,47103
2019,12,12/16/2019,1750,6,TN,47,0,3.2,50,103,47103
2019,12,12/16/2019,1655,6,TN,47,0,3.76,25,99,47099
2019,10,10/21/2019,526,6,TN,47,0,1.07,200,97,47097
2019,10,10/21/2019,544,6,TN,47,0,7.31,200,97,47097
2019,3,3/9/2019,1526,6,TN,47,0,0.32,50,71,47071
2019,6,6/21/2019,2024,6,TN,47,1,3,150,49,47049
2019,2,2/6/2019,2002,6,TN,47,0,1.13,50,43,47043
2019,6,6/21/2019,1900,6,TN,47,0,2,200,37,47037
2019,6,6/21/2019,1904,6,TN,47,0,1.25,50,37,47037
2019,10,10/31/2019,1045,5,TN,47,0,1.5,200,25,47025
2019,6,6/7/2019,1442,5,TN,47,0,0.05,15,9,47009
2019,6,6/7/2019,1446,5,TN,47,0,0.12,30,9,47009
2019,5,5/29/2019,1436,6,TX,48,0,3.36,100,499,48499
2019,5,5/29/2019,1550,6,TX,48,2,4.55,850,499,48499
2019,6,6/9/2019,1734,6,TX,48,0,0.74,50,491,48491
2019,5,5/29/2019,1407,6,TX,48,0,2.96,100,467,48467
2019,10,10/20/2019,2159,6,TX,48,0,0.63,200,467,48467
2019,5,5/29/2019,1608,6,TX,48,1,2.33,140,467,48467
2019,5,5/29/2019,1618,6,TX,48,1,3.81,250,467,48467
2019,5,5/29/2019,1551,6,TX,48,2,7.24,700,467,48467
2019,5,5/19/2019,7,6,TX,48,1,1.08,600,457,48457
2019,5,5/18/2019,357,6,TX,48,2,17.58,5280,451,48451
2019,5,5/18/2019,456,6,TX,48,1,8.8,550,441,48441
2019,5,5/18/2019,443,6,TX,48,2,5.04,388,441,48441
2019,5,5/29/2019,1219,6,TX,48,0,3.87,200,439,48439
2019,6,6/16/2019,1407,6,TX,48,0,1.28,132,439,48439
2019,5,5/29/2019,1231,6,TX,48,1,0.45,300,439,48439
2019,6,6/16/2019,1425,6,TX,48,1,0.21,100,439,48439
2019,5,5/18/2019,1645,6,TX,48,1,0.72,200,423,48423
2019,4,4/24/2019,2242,6,TX,48,1,5.13,540,419,48419
2019,5,5/2/2019,530,6,TX,48,1,0.58,118,419,48419
2019,4,4/30/2019,1527,6,TX,48,0,1.48,100,415,48415
2019,5,5/18/2019,105,6,TX,48,2,2.08,250,413,48413
2019,4,4/24/2019,2213,6,TX,48,2,8.52,1100,405,48405
2019,4,4/13/2019,1254,6,TX,48,3,5.06,305,401,48401
2019,5,5/18/2019,552,6,TX,48,3,18.01,5280,399,48399
2019,5,5/18/2019,652,6,TX,48,3,5.79,5280,399,48399
2019,5,5/29/2019,1358,6,TX,48,0,3.06,25,397,48397
2019,10,10/20/2019,2048,6,TX,48,1,1.96,150,397,48397
2019,5,5/8/2019,1229,6,TX,48,0,0.26,100,395,48395
2019,4,4/13/2019,952,6,TX,48,3,29.81,250,395,48395
2019,5,5/23/2019,1807,6,TX,48,0,0.04,20,393,48393
2019,5,5/23/2019,1714,6,TX,48,1,9.11,50,393,48393
2019,5,5/23/2019,1759,6,TX,48,2,5.78,900,393,48393
2019,5,5/23/2019,1601,6,TX,48,0,0.59,50,381,48381
2019,5,5/23/2019,1615,6,TX,48,0,0.29,50,381,48381
2019,5,5/27/2019,10,6,TX,48,0,1.58,50,375,48375
2019,4,4/30/2019,1513,6,TX,48,0,0.91,200,371,48371
2019,5,5/7/2019,1548,6,TX,48,0,2,200,371,48371
2019,5,5/7/2019,1835,6,TX,48,0,4.13,450,371,48371
2019,5,5/17/2019,1543,6,TX,48,0,2.41,100,371,48371
2019,6,6/21/2019,1710,6,TX,48,0,0.31,30,371,48371
2019,5,5/26/2019,2019,6,TX,48,0,1.76,50,369,48369
2019,3,3/13/2019,237,6,TX,48,1,0.75,250,367,48367
2019,10,10/20/2019,1836,6,TX,48,0,0.8,150,365,48365
2019,5,5/8/2019,1419,6,TX,48,1,0.1,90,365,48365
2019,3,3/13/2019,225,6,TX,48,1,2.3,250,363,48363
2019,5,5/26/2019,1825,6,TX,48,0,0.34,50,359,48359
2019,5,5/26/2019,2325,6,TX,48,0,1.51,50,359,48359
2019,5,5/7/2019,1550,6,TX,48,0,0.03,20,357,48357
2019,5,5/23/2019,1804,6,TX,48,2,7.05,900,357,48357
2019,4,4/13/2019,1338,6,TX,48,1,0.77,100,347,48347
2019,4,4/13/2019,1247,6,TX,48,3,5.64,350,347,48347
2019,4,4/7/2019,1158,6,TX,48,0,0.03,30,339,48339
2019,4,4/6/2019,1310,6,TX,48,0,0.31,150,331,48331
2019,4,4/13/2019,950,6,TX,48,1,1.15,250,331,48331
2019,5,5/20/2019,1752,6,TX,48,2,6.63,150,329,48329
2019,5,5/20/2019,1623,6,TX,48,3,4.51,225,329,48329
2019,5,5/5/2019,1812,6,TX,48,1,5,880,305,48305
2019,5,5/5/2019,1645,6,TX,48,2,17.2,2112,305,48305
2019,4,4/17/2019,1509,6,TX,48,0,1.79,40,295,48295
2019,5,5/7/2019,1756,6,TX,48,0,0.06,20,295,48295
2019,5,5/23/2019,1943,6,TX,48,0,4.47,75,295,48295
2019,5,5/23/2019,1819,6,TX,48,2,4.68,900,295,48295
2019,5,5/23/2019,1926,6,TX,48,2,4.14,1400,295,48295
2019,4,4/13/2019,1042,6,TX,48,0,1.52,100,289,48289
2019,4,4/13/2019,1112,6,TX,48,1,11.22,150,289,48289
2019,5,5/3/2019,614,6,TX,48,0,1.91,20,285,48285
2019,5,5/26/2019,2056,6,TX,48,2,8.03,100,279,48279
2019,3,3/13/2019,200,6,TX,48,0,0.19,30,267,48267
2019,3,3/13/2019,203,6,TX,48,0,0.71,140,267,48267
2019,10,10/20/2019,2127,6,TX,48,0,0.13,50,257,48257
2019,10,10/20/2019,2139,6,TX,48,1,0.53,500,257,48257
2019,5,5/29/2019,1524,6,TX,48,2,4.01,215,257,48257
2019,5,5/19/2019,8,6,TX,48,0,0.22,600,241,48241
2019,5,5/19/2019,21,6,TX,48,1,3.08,100,241,48241
2019,5,5/7/2019,1549,6,TX,48,0,0.07,30,233,48233
2019,5,5/7/2019,1616,6,TX,48,0,5.39,50,233,48233
2019,4,4/13/2019,1245,6,TX,48,0,0.16,50,225,48225
2019,4,4/13/2019,1026,6,TX,48,1,8.9,200,225,48225
2019,4,4/13/2019,1120,6,TX,48,2,6.03,100,225,48225
2019,4,4/13/2019,1200,6,TX,48,3,12.16,800,225,48225
2019,3,3/12/2019,2135,6,TX,48,1,1.75,125,219,48219
2019,4,4/17/2019,1454,6,TX,48,0,2.52,40,211,48211
2019,5,5/26/2019,1902,6,TX,48,0,2,50,205,48205
2019,5,5/26/2019,1914,6,TX,48,0,5.2,75,205,48205
2019,6,6/19/2019,503,6,TX,48,0,0.18,70,203,48203
2019,5,5/8/2019,1336,6,TX,48,1,7.38,300,203,48203
2019,5,5/3/2019,1300,6,TX,48,0,0.3,15,201,48201
2019,4,4/7/2019,1142,6,TX,48,1,0.73,50,201,48201
2019,9,9/18/2019,1556,6,TX,48,1,3.04,30,201,48201
2019,5,5/25/2019,1639,6,TX,48,2,1.69,100,189,48189
2019,6,6/18/2019,1910,6,TX,48,0,0.96,20,179,48179
2019,5,5/3/2019,1734,6,TX,48,0,0.05,50,173,48173
2019,5,5/4/2019,131,6,TX,48,0,0.1,30,167,48167
2019,5,5/29/2019,1600,6,TX,48,2,4.52,475,159,48159
2019,5,5/3/2019,622,6,TX,48,0,0.89,20,149,48149
2019,5,5/3/2019,714,6,TX,48,0,4.17,20,149,48149
2019,5,5/3/2019,804,6,TX,48,2,2.44,75,149,48149
2019,5,5/29/2019,1631,6,TX,48,0,10.84,300,147,48147
2019,4,4/22/2019,1626,7,TX,48,0,0.1,20,141,48141
2019,10,10/20/2019,2042,6,TX,48,0,0.18,170,139,48139
2019,10,10/20/2019,2010,6,TX,48,1,2.83,350,139,48139
2019,5,5/20/2019,1623,6,TX,48,3,1.29,225,135,48135
2019,5,5/7/2019,1825,6,TX,48,0,1.1,73,129,48129
2019,5,5/7/2019,1848,6,TX,48,0,4.24,500,129,48129
2019,5,5/29/2019,1222,6,TX,48,0,3.72,250,121,48121
2019,4,4/30/2019,1725,6,TX,48,1,1.46,150,121,48121
2019,4,4/30/2019,1752,6,TX,48,1,2.89,250,121,48121
2019,3,3/9/2019,738,6,TX,48,0,1.71,100,113,48113
2019,6,6/16/2019,1445,6,TX,48,0,0.12,50,113,48113
2019,10,10/20/2019,2036,6,TX,48,1,6.02,500,113,48113
2019,10,10/20/2019,2024,6,TX,48,2,2.48,265,113,48113
2019,10,10/20/2019,1958,6,TX,48,3,15.76,1300,113,48113
2019,5,5/20/2019,1401,6,TX,48,0,1.89,20,101,48101
2019,6,6/9/2019,1624,6,TX,48,2,1.57,500,99,48099
2019,5,5/3/2019,1222,6,TX,48,0,0.51,20,89,48089
2019,5,5/20/2019,1429,6,TX,48,0,0.35,50,87,48087
2019,10,10/20/2019,2322,6,TX,48,0,4.8,500,85,48085
2019,5,5/18/2019,720,6,TX,48,3,7.84,300,83,48083
2019,4,4/30/2019,1536,6,TX,48,1,10,300,77,48077
2019,4,4/13/2019,1046,6,TX,48,2,0.8,400,73,48073
2019,4,4/13/2019,1052,6,TX,48,2,2.5,400,73,48073
2019,4,4/13/2019,1220,6,TX,48,3,18.27,880,73,48073
2019,5,5/26/2019,2126,6,TX,48,0,12.83,100,69,48069
2019,10,10/21/2019,208,6,TX,48,1,9.09,150,67,48067
2019,7,7/26/2019,1415,6,TX,48,0,0.01,15,61,48061
2019,3,3/13/2019,219,6,TX,48,1,1.39,230,49,48049
2019,5,5/3/2019,1159,6,TX,48,0,0.08,50,43,48043
2019,5,5/31/2019,1825,6,TX,48,0,0.39,30,43,48043
2019,5,5/8/2019,1321,6,TX,48,0,0.88,15,41,48041
2019,4,4/24/2019,1548,6,TX,48,2,1.74,100,41,48041
2019,5,5/5/2019,1959,6,TX,48,0,0.42,50,33,48033
2019,4,4/7/2019,624,6,TX,48,0,0.58,30,25,48025
2019,5,5/26/2019,2011,6,TX,48,0,3.2,50,17,48017
2019,5,5/7/2019,1727,6,TX,48,0,11.49,100,11,48011
2019,5,5/23/2019,1613,6,TX,48,0,0.71,50,11,48011
2019,6,6/22/2019,2143,6,TX,48,0,2.45,50,11,48011
2019,6,6/22/2019,2155,6,TX,48,0,2.08,200,11,48011
2019,3,3/12/2019,2055,6,TX,48,1,0.81,880,3,48003
2019,8,8/21/2019,1605,5,VT,50,1,0.75,350,25,50025
2019,5,5/11/2019,1752,5,VA,51,1,2,200,800,51800
2019,4,4/19/2019,1907,5,VA,51,0,1.8,100,700,51700
2019,4,4/19/2019,1756,5,VA,51,0,4.4,100,595,51595
2019,10,10/31/2019,2355,5,VA,51,1,4.85,200,550,51550
2019,4,4/19/2019,1905,5,VA,51,0,1.8,150,199,51199
2019,4,4/19/2019,1818,5,VA,51,0,17.7,100,183,51183
2019,4,4/19/2019,1758,5,VA,51,1,2.82,100,175,51175
2019,10,10/31/2019,1704,5,VA,51,0,0.54,25,165,51165
2019,8,8/9/2019,1910,5,VA,51,1,0.25,50,155,51155
2019,4,4/19/2019,1831,5,VA,51,1,8.3,200,149,51149
2019,4,4/15/2019,129,5,VA,51,0,1.3,50,133,51133
2019,4,4/19/2019,1631,5,VA,51,1,1.52,125,125,51125
2019,10,10/31/2019,1848,5,VA,51,1,4.47,100,117,51117
2019,4,4/19/2019,1906,5,VA,51,2,2,300,109,51109
2019,4,4/19/2019,1856,5,VA,51,0,2.9,100,93,51093
2019,4,4/19/2019,1748,5,VA,51,0,6.35,50,81,51081
2019,4,4/19/2019,1750,5,VA,51,0,1.49,100,81,51081
2019,4,4/19/2019,1751,5,VA,51,1,5.77,100,81,51081
2019,4,4/19/2019,1920,5,VA,51,0,1.4,100,73,51073
2019,4,4/19/2019,925,5,VA,51,3,8.11,250,67,51067
2019,4,4/19/2019,1955,5,VA,51,0,4.12,100,59,51059
2019,4,4/19/2019,1846,5,VA,51,2,3.1,200,36,51036
2019,5,5/11/2019,1535,5,VA,51,1,4.1,275,31,51031
2019,4,4/19/2019,1750,5,VA,51,0,0.6,200,25,51025
2019,4,4/19/2019,1022,5,VA,51,1,2.22,60,19,51019
2019,10,10/18/2019,1802,8,WA,53,1,0.68,90,45,53045
2019,6,6/24/2019,1802,5,WV,54,0,0.83,75,39,54039
2019,6,6/24/2019,1751,5,WV,54,1,7.85,350,39,54039
2019,7,7/16/2019,1635,6,WI,55,0,0.15,10,137,55137
2019,7,7/20/2019,1000,6,WI,55,0,1.35,50,135,55135
2019,7,7/20/2019,1009,6,WI,55,0,1.3,75,135,55135
2019,7,7/20/2019,955,6,WI,55,1,7.55,80,135,55135
2019,10,10/1/2019,2047,6,WI,55,1,8.47,100,133,55133
2019,5,5/24/2019,1940,6,WI,55,0,0.15,20,123,55123
2019,7,7/20/2019,810,6,WI,55,0,0.86,50,121,55121
2019,7,7/4/2019,1639,6,WI,55,0,7.59,100,107,55107
2019,6,6/14/2019,1754,6,WI,55,0,17.4,50,99,55099
2019,7,7/19/2019,1628,6,WI,55,0,0.89,75,95,55095
2019,7,7/28/2019,1631,6,WI,55,0,4.78,100,95,55095
2019,7,7/19/2019,1628,6,WI,55,1,9.8,600,95,55095
2019,7,7/20/2019,1022,6,WI,55,0,0.72,50,87,55087
2019,7,7/20/2019,1036,6,WI,55,0,1.11,50,87,55087
2019,7,7/20/2019,1010,6,WI,55,1,6.24,90,87,55087
2019,7,7/20/2019,1018,6,WI,55,1,3.51,75,87,55087
2019,7,7/19/2019,1849,6,WI,55,0,5.42,50,85,55085
2019,7,7/19/2019,1920,6,WI,55,1,8.97,100,73,55073
2019,7,7/19/2019,1747,6,WI,55,0,6.52,50,69,55069
2019,10,10/1/2019,2025,6,WI,55,0,7.14,80,55,55055
2019,10,10/1/2019,2042,6,WI,55,1,4.36,100,55,55055
2019,7,7/20/2019,814,6,WI,55,0,1.63,50,53,55053
2019,9,9/24/2019,1745,6,WI,55,0,2.25,250,33,55033
2019,7,7/18/2019,1329,6,WI,55,1,1.3,160,31,55031
2019,7,7/19/2019,1817,6,WI,55,0,0.23,30,19,55019
2019,7,7/19/2019,1824,6,WI,55,1,0.28,40,19,55019
2019,9,9/24/2019,2026,6,WI,55,1,4.69,60,19,55019
2019,9,9/24/2019,1750,6,WI,55,3,4.72,725,17,55017
2019,8,8/7/2019,1648,6,WI,55,0,6.2,90,9,55009
2019,7,7/28/2019,1741,6,WI,55,0,0.43,25,5,55005
2019,7,7/19/2019,1642,6,WI,55,1,4.1,600,5,55005
2019,7,7/3/2019,1528,7,WY,56,0,1.42,50,45,56045
2019,7,7/17/2019,1745,7,WY,56,0,1.42,100,45,56045
2019,4,4/26/2019,1130,7,WY,56,0,0.1,20,35,56035
2019,8,8/23/2019,1522,7,WY,56,0,0.83,30,25,56025
2019,6,6/19/2019,1756,7,WY,56,1,4.09,250,19,56019
2019,9,9/10/2019,1514,7,WY,56,2,19.12,200,15,56015
2019,6,6/25/2019,1856,7,WY,56,1,5.28,60,11,56011
2019,6,6/25/2019,1902,7,WY,56,1,5.37,80,11,56011
2019,6,6/19/2019,1850,7,WY,56,0,12.62,50,9,56009
2019,7,7/16/2019,1834,7,WY,56,0,1.19,10,5,56005
2019,7,7/6/2019,1710,7,WY,56,1,3.98,500,1,56001
2019,5,5/22/2019,1917,6,IL,71,1,0.53,30,67,71067
